golden_id,system,candidate,groundedness,correctness,tone,actionability,overall,rationale,parse_ok
0,agent,"Hey! Tap the link, then choose “Annual” on the subscription screen. If you don’t see it, try an incognito window or clear cache and try again. Let us know if it works! /CB",2,2,4,3,2,"The candidate invents specific UI steps ('choose Annual') not found in the evidence or reference, and fails to address the core issue of the link not working as effectively as the reference's diagnostic question.",True
1,agent,Thanks for the feedback! We’ll pass your note about left‑handed usability on to the team. Let us know if you need anything else. /NY,5,5,5,4,5,"The reply accurately reflects the reference and evidence by acknowledging the feedback and promising to pass it on, maintaining a friendly and concise tone suitable for the platform.",True
2,agent,We’re sorry you’ve had a frustrating experience. We’ll look into this – please DM us with any details so we can help further.,4,4,4,4,4,"The reply is professional, concise, and correctly directs the user to DM for further assistance, aligning well with the reference's intent to move the conversation to a private channel, though it lacks the specific confirmation that a DM has already been sent.",True
3,agent,"Sure thing! Open the playlist, tap “Add Songs,” search for Vampire Weekend, and hit “Add.” Let us know if you need more help! 🎧",1,1,4,2,1,"The candidate invents a self-service feature ('Add Songs') that contradicts the reference reply stating curation is handled by an independent team, making the advice factually incorrect and ungrounded.",True
4,agent,Sorry to hear that! Please follow the “Downloads unexpectedly removed” steps here: https://support.spotify.com/us/article/downloads-unexpectedly-removed. Let us know if it helps!,2,1,4,3,1,"The candidate reply is incorrect because it treats a licensing/content removal issue as a technical 'Downloads unexpectedly removed' bug, whereas the reference correctly identifies it as a temporary licensing change.",True
5,agent,Hey! That album isn’t on Spotify right now. We’ll pass your request along to the team. Thanks for the heads‑up! /MT,2,3,4,2,2,"The candidate invents a specific action ('pass your request along') not supported by the evidence or reference, and fails to provide the helpful resource link (/KL) that the reference reply includes.",True
6,agent,We’re sorry the new Sufjan Stevens tracks aren’t available yet. New releases can take a bit to appear. We’ll pass your feedback along. Thanks for your patience!,4,3,5,2,3,"The reply is grounded in the provided evidence regarding new releases and feedback, but it fails to advance the issue by omitting the specific clarifying questions (song/album/country) present in the reference reply, leaving the customer without a concrete next step.",True
7,agent,Hey! Spotify no longer supports Facebook sync as we’ve shifted focus to other ways to share music. You can still share tracks directly from the app. Let us know if you need anything else!,1,1,4,2,1,"The candidate invents a policy about discontinued Facebook sync that is not supported by the evidence or reference, which instead asks for diagnostic details to troubleshoot the issue.",True
8,agent,Hey! You can update your card in the app: Settings → Account → View plan → Update payment method. Or use the web player’s account page. Let us know if you hit any snags!,1,2,4,3,1,"The candidate invents specific navigation steps ('Settings → Account → View plan') that are not present in the provided evidence or reference, which instead directs the user to a link or offers to check the account backstage.",True
9,agent,"Sorry you’re having trouble connecting. Please DM us your account email/username so we can investigate. If you haven’t already, try a clean reinstall of the app. /DD",5,2,4,4,2,"While the reply is grounded in the provided evidence and has a good tone, it is incorrect because it ignores the reference reply's confirmation that the issue was a temporary server hiccup that has already been resolved, instead suggesting unnecessary troubleshooting steps.",True
10,agent,Hey! Sorry to hear that. Please DM us your account email and username so we can look into the double charge for you. 🙂,5,5,5,5,5,"The reply accurately reflects the reference and evidence by requesting the necessary account details via DM to investigate the issue, maintaining a friendly and concise tone.",True
11,agent,"We love your enthusiasm! 🎶 While we don’t provide music facts on demand, feel free to explore artist bios and playlists on Spotify. Let us know if you need anything else!",1,2,4,2,1,"The candidate invents a policy ('don't provide music facts on demand') and suggests irrelevant features (artist bios) that are not in the evidence or reference, failing to acknowledge the specific request for 2017 recap content.",True
12,agent,"Hey! We hear you – app updates for new devices are on our roadmap. Thanks for the heads‑up, we’ll pass this along to the team. /KB",4,4,5,3,4,"The reply is friendly and correctly acknowledges the issue using the provided evidence, though it slightly over-specifies 'roadmap' compared to the reference's 'working on it' and lacks a concrete next step like 'stay tuned'.",True
13,agent,"Hi! If a track is listed but won’t play, it’s often due to regional licensing. It may become available soon. Try again later or check for app updates. Thanks for your patience! /GK",2,3,4,2,2,"The reply invents specific troubleshooting steps (app updates) and explanations (regional licensing) not found in the evidence, and fails to ask for the necessary diagnostic details (device/version) present in the reference and evidence.",True
14,agent,Hey! We don’t have a release date for Perfect Velvet right now. Keep an eye on the app for updates—new music shows up as soon as it’s available. 🎶,2,4,5,3,3,"The reply is friendly and correctly conveys the lack of a release date, but it invents a specific policy about 'new music showing up as soon as it's available' which is not supported by the provided evidence or reference, and it fails to provide the specific resource link (/MO) mentioned in the refe",True
15,agent,Hey! We’re waiting on the label to add the album. Keep an eye out – it’ll appear as soon as it’s available to us. 🎧,2,4,5,3,3,"The reply invents a specific reason ('waiting on the label') not present in the evidence, which violates groundedness, though the tone and general sentiment align well with the reference.",True
16,agent,"We’re here to help right on Twitter and in the app—no phone line, but our support team is ready to assist you there! 😊",4,4,5,3,4,"The reply is friendly and correctly addresses the lack of a phone line, but it is slightly less actionable than the reference because it does not explicitly invite the customer to share their specific issue in the current thread.",True
17,agent,"Sorry about the beeping! Can you share your Windows version and Spotify app version? Try reinstalling the desktop app (remove via Settings > Apps, then download the latest installer). Let us know if it helps. /TF",2,3,4,4,3,"The reply invents specific troubleshooting steps (reinstalling via Settings) not present in the provided evidence or reference, which only suggests a restart, making it ungrounded despite being helpful and well-toned.",True
18,agent,Thanks for the love! We’re always working on expanding to new places—stay tuned for updates. 🙏,4,3,5,1,2,"The reply is friendly and grounded in the general expansion policy, but it fails to provide the specific, actionable next step (adding an email) that the reference reply and evidence emphasize.",True
19,agent,We get it—let’s sort this out fast. Please DM us your account email & username so we can review the billing issue. Thanks!,5,5,5,5,5,"The reply accurately reflects the reference's instruction to DM for details, maintains a friendly and concise tone, and provides a clear, actionable next step without inventing policies.",True
20,agent,"Hey! Family plans require members to share the same address. If you’re temporarily away, you can stay on the plan, but we’ll need to verify your address. Please DM us your username & email so we can help. /AR",4,4,5,5,4,"The reply is friendly and actionable, correctly requesting the necessary details, but it slightly overstates the policy by promising the user can 'stay on the plan' without confirming eligibility, whereas the reference is more cautious.",True
21,agent,Hey! We’re still working on getting Lemonade added. Hang tight – we’ll let you know when it’s available. Thanks for your patience!,4,4,5,2,3,"The reply is friendly and grounded in the general fact that the track is pending, but it fails to provide the specific link or concrete next step present in the reference reply, making it less actionable.",True
22,agent,"Hey! A “Bad Request” often means a cache/cookie hiccup. Try clearing Chrome’s cache or open an incognito window, then reload spotify.com. Let us know if it’s still acting up!",4,5,5,5,5,"The reply is excellent because it correctly identifies the issue, provides the specific troubleshooting step (clearing cache) found in the reference, and adds a helpful alternative (incognito mode) that is standard technical advice for this specific error, all while maintaining a friendly and concis",True
23,agent,"Hey! Try clearing some space and make sure Spotify can run in the background. Also, tap Settings → Music → Download quality and re‑download the albums. Let us know if it helps! /RC",1,2,4,3,1,"The candidate invents specific troubleshooting steps (clearing space, background settings, download quality) that are not present in the provided evidence or reference, which specifically directs the user to a help article about unexpectedly removed downloads.",True
24,agent,Hey! We’re still working on getting Beyoncé’s Lemonade on Spotify. Thanks for your patience—stay tuned for updates!,4,4,5,2,3,"The reply is friendly and grounded in the general status of the album, but it fails to provide the specific link or resource mentioned in the reference and evidence, reducing its actionability.",True
25,agent,Sorry you’re seeing that error! Please DM us the email you’re trying to use so we can check it for you. /DM,5,5,5,5,5,"The reply accurately reflects the reference solution by requesting the specific email details via DM to resolve the conflict, maintaining a friendly and concise tone appropriate for the platform.",True
26,agent,"Sorry to hear the tracks are cutting off! Try restarting the app or checking your connection. If it persists, let us know via the Help Center so we can dig deeper. 🎧",1,1,4,2,1,"The candidate invents troubleshooting steps (restarting app, checking connection) not found in the evidence or reference, and fails to request the specific song links required to investigate the issue.",True
27,agent,Hey! Acid Rap isn’t on Spotify right now due to licensing. We’ll share any updates when it becomes available. Thanks for the love! 🎧,2,3,4,1,2,"The reply invents a specific reason ('licensing') not found in the evidence and fails to provide the required link to content information, making it ungrounded and non-actionable.",True
28,agent,Sure thing! Open Settings → Account → Your Plan and tap “Cancel Premium.” Follow the prompts and you’ll be all set. Need more help? DM us!,1,2,4,3,1,The candidate invents specific UI steps not found in the evidence and fails to follow the reference protocol of requesting the account email via DM to assist with the cancellation.,True
29,agent,"Hey! We’re working on expanding to more countries, including Serbia. Keep an eye on our announcements— we’ll let you know when it’s available. Thanks for your patience!",2,3,4,2,2,"The candidate invents a specific promise to expand to Serbia and fails to provide the concrete next step (email registration) found in the reference, making it less grounded and actionable.",True
30,agent,"Sorry you’re stuck! Try logging out of the web player, then log back in. If that doesn’t work, restart Chrome or your Mac and give it another go. Let us know if it persists. /MA",5,4,5,5,4,"The reply is grounded in the provided evidence and offers actionable troubleshooting steps, though it misses the reference's specific request for an error screenshot which would be more diagnostic.",True
31,agent,Hey! Sorry to hear that. Please DM us your account email/username so we can check why the Hulu bundle was removed and get it sorted. Thanks!,5,5,5,5,5,"The reply is concise, friendly, and accurately requests the necessary account details to investigate the issue, aligning perfectly with the reference and evidence.",True
32,agent,Sorry for the delay! We’ve just DM’d you with a follow‑up. Please check your inbox and let us know if you need anything else. /DR,5,5,5,4,5,"The reply is grounded in the evidence (DM sent), correctly addresses the delay and directs the user to the DM channel, and maintains a friendly, concise tone suitable for Twitter support.",True
33,agent,"We’d love to bring more Ben Fankhauser tracks to Spotify! Our catalog decisions are based on licensing, but you can check the content info here: /DF 🙂",4,5,5,5,5,"The reply is excellent because it correctly identifies the customer's intent, uses the appropriate evidence link (/DF) to address the content availability issue, and maintains a friendly, concise tone suitable for social media support.",True
34,agent,"Hey! Sorry you’re seeing that error. Try reinstalling the app and clearing its cache. If it’s still there, DM us your account email so we can look deeper. 🙂",4,3,5,4,4,"The reply is friendly and actionable, but it introduces 'clearing cache' which is not in the evidence, and prioritizes a reinstall over the reference's immediate request for account details to investigate the specific data discrepancy.",True
35,agent,"Hey! Sorry the update caused issues. Try running the installer as admin and reinstall the Visual C++ Redistributable, then restart. If it persists, DM us your Windows version and we’ll dig deeper.",1,2,4,3,2,"The candidate invents specific technical troubleshooting steps (Visual C++ Redistributable) that are not present in the provided evidence or reference, violating the groundedness constraint.",True
36,agent,"Hey! To use a gift card for the $99 yearly Premium, DM us your account email/username and a photo of the card or error you’re seeing. We’ll help you get it set up!",2,1,4,2,1,"The candidate invents a process (DMing a photo of the card) that contradicts the reference reply, which states gift cards are not a valid recurring payment method for this subscription.",True
37,agent,"Hey! New releases roll out to Spotify as soon as they’re available from the label, usually within a few days. Thanks for being with us since 2013! 🎧",2,2,4,1,2,The reply invents specific timelines ('usually within a few days') not found in the evidence and fails to provide the concrete next step (licensing info link or request for email) required to resolve the issue.,True
38,agent,Great idea! We'll pass your suggestion along to the team. Thanks for the creative input! 🎧,2,2,4,1,2,"The candidate invents a promise to 'pass the suggestion along' which is not supported by the evidence or reference, and fails to provide the specific voting link that the reference reply correctly offers.",True
39,agent,"Sorry for the hassle! We're aware of issues on newer iPhones. Could you DM us your iPhone X model, iOS version, and Spotify app version? We'll look into it ASAP. /CH",2,2,4,3,2,"The candidate invents a specific issue ('issues on newer iPhones') and requests a DM, which contradicts the reference's simple acknowledgment and 'stay tuned' approach, while also misidentifying the customer's device context (iPhone X is not 'newer' in the context of the complaint about a missing up",True
40,agent,"We get it—missing music is frustrating. While we can’t guarantee a return, we’ll pass your request to the team. Thanks for sharing! 🎧",5,2,5,2,3,"The reply is well-written and grounded in the provided evidence regarding feedback, but it fails to ask for the specific artist/album details required by the reference reply to actually assist the customer.",True
41,agent,Hey! Presale codes are sent via email to select fans of the artist. Keep an eye on your inbox – that’s where you’ll find it if you’re eligible. 🎶,5,5,5,4,5,"The reply accurately reflects the policy found in the evidence and reference, maintains a friendly and concise tone suitable for social media, and provides a clear, actionable next step for the customer.",True
42,agent,Hey! We’d love to help. Please DM us with your account details so we can look into the artist issue you’re experiencing. 😊,5,5,5,5,5,"The reply is grounded in the evidence (requesting account details via DM), correctly advances the issue by moving the conversation to a private channel as per the reference, and maintains a friendly, concise tone suitable for Twitter support.",True
43,agent,Hey! Sorry to hear your library disappeared. Please check the “Downloads unexpectedly removed” guide in our Help Center—it walks you through restoring your music. Let us know if it helps! /SV,5,4,5,5,4,"The reply is grounded in the provided evidence and offers a concrete, helpful first step (checking the guide), though it misses the reference's immediate request for account details to investigate further.",True
44,agent,Sure thing! Please check your DMs—we’ve sent a secure message to help sort out the charges. Let us know any details there. /MC,2,2,4,3,2,"The reply hallucinates that a secure message has already been sent and fails to request the necessary account details (email/username) required to investigate the charges, unlike the reference and evidence.",True
45,agent,"Hey! We don’t have a way to block specific artists right now, but we’ve passed your suggestion along to the team. Thanks for the feedback!",4,4,5,2,3,"The reply is friendly and correctly states the limitation, but it fails to provide the specific community link or concrete next step (voting/supporting the idea) found in the reference and evidence, making it less actionable.",True
46,agent,"Hey! Spotify doesn’t have a built‑in daily auto‑play timer. If it’s starting on its own, it might be a device alarm or a third‑party shortcut. Check your phone’s settings or any automation apps. /LM",1,2,4,3,1,"The candidate invents specific technical explanations and troubleshooting steps (device alarms, third-party shortcuts) that are not present in the provided evidence or reference, which strictly requests device and OS information to diagnose the issue.",True
47,agent,Hey! Sorry for the mix‑up. Please DM us your account email/username so we can sort out the double charge and get you on the right plan. /KB,5,5,5,5,5,"The reply accurately reflects the reference's instruction to move the conversation to DMs for account verification, maintains a friendly and concise tone, and provides a clear next step without inventing policies.",True
48,agent,Hey! A sleep timer would be awesome. You can suggest it here: /RS 💚,5,5,5,5,5,"The candidate reply accurately reflects the reference intent and evidence by directing the user to the suggestion link with a friendly, concise tone.",True
49,agent,"We hear you—sudden volume jumps can be annoying. Try checking your device’s volume sync settings in the app and make sure “Normalize volume” is on. If it persists, let us know!",1,2,4,3,1,"The candidate invents specific technical troubleshooting steps ('Normalize volume', 'volume sync settings') that are not present in the provided evidence or reference, which only acknowledges the feedback and promises to pass it to developers.",True
50,agent,We hear your feedback about the ads and appreciate you sharing your thoughts. We'll pass this along to the team. Thank you for helping us improve!,2,2,4,1,2,"The reply is polite but fails to request the specific evidence (link) required by the reference to investigate the issue, making it unactionable and incorrect for resolving the complaint.",True
51,agent,Sorry you’re experiencing crashes! Please DM us your Spotify username or email so we can investigate further. #WeGotYou,5,4,5,5,4,"The reply is grounded in the evidence (requesting DM for username/email), has an excellent tone, and provides a clear next step, though it slightly deviates from the reference's initial troubleshooting approach by jumping straight to account verification.",True
52,agent,"Hey! That sounds like a notification glitch. Try turning off ""Show notifications"" for Spotify in your phone settings, then restart the PC app. Let us know if it persists!",1,2,4,3,1,"The candidate invents specific troubleshooting steps ('Show notifications', 'restart PC app') that are not present in the provided evidence or reference, which instead asks for diagnostic information (OS/version) to investigate the issue.",True
53,agent,Hey there! Thanks for the idea – we’ll pass your Bluetooth‑pause suggestion on to the team. Stay tuned! /GU,5,4,5,3,4,"The reply is grounded in the provided evidence (GU) and maintains a friendly tone, but it is less actionable than the reference reply which directs the user to the Community forum.",True
54,agent,Hey there! We’ve sent you a DM with steps to recover your account. Please check your inbox and let us know if you need anything else. /DM,2,2,4,3,2,"The candidate invents a specific action ('sent you a DM with steps') that is not supported by the evidence or reference, which instead asks for account details to investigate the issue.",True
55,agent,"Hey! We don’t have an official launch date for Romania yet, but we’re expanding to new markets regularly. Stay tuned for updates! 🎧",4,4,5,2,4,"The reply is friendly and grounded in the general expansion policy mentioned in the evidence, but it lacks the specific actionable step (providing the email link) present in the reference reply.",True
56,agent,Hey! Can you DM us your account email or username? We’ll look into the Hulu authorization issue and get it sorted for you. /AR,5,5,5,5,5,"The reply accurately reflects the reference and evidence by requesting the necessary account details via DM to investigate the specific issue, maintaining a friendly and concise tone.",True
57,agent,Hey! We hear you—mixtapes are on our radar. We’ll pass the request along to the right team. Thanks for the love! 🙏,2,2,5,1,2,"The candidate invents a policy ('on our radar', 'pass the request along') not supported by the evidence and fails to provide the specific information link (/DF) that the reference reply correctly offers.",True
58,agent,"Sorry about the ad glitch! Try clearing the app cache or reinstalling, and make sure your OS and Spotify app are up‑to‑date. Let us know if it keeps happening. /RH",2,2,4,3,2,"The reply invents troubleshooting steps (clearing cache/reinstalling) not found in the evidence or reference, and fails to ask for the critical diagnostic information (device, OS, version, screenshot) required to resolve the issue.",True
59,agent,"Hi! To lock in the $99 yearly rate, go to Settings → Account → Subscription and select the yearly plan before 12/31. Let us know if you need any help! 🎧",1,1,4,2,1,"The candidate invents specific navigation steps and policy details that are not present in the evidence or reference, whereas the correct procedure requires the customer to DM their email address for manual review.",True
60,agent,"Try clearing your browser cache or opening the web player in incognito mode. If that doesn’t help, restart your device and try again. Let us know how it goes! /JM",5,5,4,5,5,"The reply is fully grounded in the provided evidence and reference, correctly addresses the web player issue with actionable steps, and maintains a helpful, concise tone suitable for the platform.",True
61,agent,"Try tapping the three‑dot menu on the playlist, then select “Remove from Your Library.” If it still shows “Loading…,” give it a moment and try again or restart the app. Let us know if it helps!",1,2,4,3,1,"The candidate invents specific troubleshooting steps ('three-dot menu', 'Remove from Your Library') that are not present in the provided evidence or reference, which instead requests device and version information to diagnose the issue.",True
62,agent,Hey! At the moment we don’t support Google Play Wallet for monthly payments. You can keep using your existing payment method in the app. Thanks for the suggestion! 🎶,2,2,4,2,2,"The candidate invents a specific policy denial ('we don't support') and fails to provide the actionable voting link present in the reference, making it ungrounded and less helpful than the actual brand response.",True
63,agent,Hey! Sorry you’re stuck. Please DM us your account email/username so we can verify your family invite and get your Premium back. 😊,5,5,5,5,5,"The reply is concise, friendly, and correctly directs the customer to DM their account details for verification, aligning perfectly with the reference and evidence without inventing policies.",True
64,agent,Hey! We can help update your country and payment info. Please DM us your account email (or username) so we can take a look backstage. 🙂,5,5,5,5,5,"The reply accurately reflects the reference and evidence by requesting the necessary account details via DM to investigate the issue, maintaining a friendly and concise tone.",True
65,agent,"Sorry to hear the shuffle isn’t working right for you. Try restarting the app and clearing the cache, then give shuffle another go. If it still repeats, let us know and we’ll dig deeper!",1,1,4,2,1,"The candidate invents technical troubleshooting steps (restarting app, clearing cache) that are not present in the evidence or reference, and fails to address the core issue of the algorithm improvement mentioned in the reference.",True
66,agent,Hey! Sorry you’re stuck. Please DM us your account email so we can look into the payment issue and get you back on Premium. Thanks!,5,5,5,5,5,"The reply is concise, friendly, and accurately requests the necessary account details via DM to resolve the payment issue, aligning perfectly with the reference and evidence.",True
67,agent,Hey! We’re sorry if “Perfect Velvet” isn’t showing up yet. It may not be in our catalog or available in your region. Keep an eye on the app—new titles get added regularly!,2,2,4,2,2,"The candidate invents specific reasons (catalog/region) and promises ('new titles get added regularly') that are not supported by the evidence or reference, failing to provide the specific resource link (/KM) that the reference reply correctly utilized.",True
68,agent,Hey! Sorry to hear about the trouble. Please DM us your account email or username so we can check why the student verification and Hulu link aren’t working. We'll sort it out!,5,5,5,5,5,"The reply is concise, friendly, and accurately requests the necessary information (email/username) to investigate the issue, aligning perfectly with the reference and evidence without inventing unsupported details.",True
69,agent,Hey! That sounds like a phishing attempt. Spotify never asks for password changes via email links. Always change your password directly in the app or on our official site. Stay safe!,1,1,4,2,1,The candidate invents a security policy not present in the evidence and fails to follow the reference's instruction to request account details and a screenshot for verification.,True
70,agent,Sorry the web player’s giving you trouble! Can you share any error messages or a screenshot so we can investigate?,5,4,5,5,4,"The reply is grounded in the evidence (asking for errors/screenshots), has a perfect tone, and provides a clear next step, though it misses the specific context of the 'hiccup' mentioned in the reference reply.",True
71,agent,Hey! We get it—interludes can be a surprise in Daily Mixes. We’ve passed your feedback to the team. Thanks for helping us improve! 🎧,4,5,5,4,5,"The reply is friendly, concise, and correctly conveys that the feedback has been passed to the team, aligning with the reference's intent without inventing specific policies or false promises.",True
72,agent,Thanks for the idea! We’ve passed your suggestion for playlist‑specific shuffle settings along to the team. Stay tuned! 🎧,2,3,4,2,2,The candidate invents a promise to 'pass the suggestion along' which is not supported by the evidence (which suggests voting on an official idea) and fails to provide the concrete next step (voting link) present in the reference.,True
73,agent,Sure! In the app go to Settings → Account → Switch to Premium and choose the yearly plan. It’ll prorate any remaining time. Need more help? DM us your email!,1,1,4,2,1,"The candidate invents specific UI steps and a 'proration' policy that are not present in the evidence or reference, which instead requires the agent to request account details via DM to investigate.",True
74,agent,"Hey! We love your enthusiasm, but we can’t add or change cover art on Spotify. Keep an eye on updates—who knows what’s coming next! 🎶",2,2,4,1,2,"The candidate invents a specific policy ('can't add or change cover art') not present in the evidence or reference, fails to provide the requested resource link, and offers no concrete next step, making it ungrounded and unactionable despite a friendly tone.",True
75,agent,Hey! Sorry to hear some tracks are missing. Please DM us with the account email/username and the song details so we can look into restoring them. Thanks!,2,2,4,3,2,"The candidate invents a specific process (DM for restoration) and promise ('look into restoring') that are not supported by the evidence or reference, which indicates a content availability issue rather than a technical glitch.",True
76,agent,"Your account works worldwide, but some songs may be unavailable in certain regions due to licensing. If you hit a missing track, try again later or check if it’s available in your home country. /TF",2,2,4,3,2,"The candidate invents a policy about worldwide account access and specific troubleshooting steps ('try again later') that are not supported by the provided evidence, which focuses on licensing removals, and fails to follow the reference's instruction to request account details for investigation.",True
77,agent,"Hey! For artist‑profile issues like separating identical names, reach out to your distributor—they’ll coordinate with our team to sort it out. 🎶",5,5,5,5,5,"The reply accurately reflects the reference solution, maintains a friendly and concise tone suitable for Twitter, and provides a clear, actionable next step for the customer.",True
78,agent,"Hey! Blocking specific artists isn’t possible right now, but you can share your idea with the community here: https://community.spotify.com/t5/Ideas/blk/idi-12345",2,4,5,4,3,"The reply is friendly and correctly conveys that the feature is unavailable, but it invents a specific URL that is not present in the provided evidence, which violates the groundedness constraint.",True
79,agent,Hey! We’re sorry for the confusion. Please DM us your account email so we can check why the payment was flagged and get it sorted for you. /RI,5,5,5,5,5,"The reply is concise, friendly, and correctly requests the necessary information (email) to investigate the issue, aligning perfectly with the reference and evidence without inventing policies.",True
80,agent,"Sure thing! To edit your bio, go to your profile, tap “Edit Profile,” then update the bio text and save. Let us know if you need any more help!",1,1,4,2,1,"The candidate invents specific UI steps ('Edit Profile') that are not present in the provided evidence or reference, and fails to address the likely technical issue (display bug) that the reference reply investigates.",True
81,agent,Hey! That sounds off. Please DM us your account email/username so we can check why you got that £9.99 confirmation and sort it out. 😊,5,5,5,5,5,"The reply is grounded in the evidence (requesting email/username), correctly advances the issue by asking for verification details similar to the reference, maintains a friendly and concise tone, and provides a clear next step.",True
82,agent,"We love hearing ideas! 🎧 While we don’t currently support user‑generated translations, we’ll pass your suggestion along. Thanks for sharing!",4,5,5,3,4,"The reply is friendly and correctly handles the feature request by acknowledging it and promising to pass it along, matching the reference's intent, though it lacks the specific closing warmth of the reference and offers no further concrete steps.",True
83,agent,Hey! Sorry to hear that. Please DM us your account email or username so we can look into the charge and get this sorted. Thanks!,5,5,5,5,5,"The reply accurately reflects the reference and evidence by requesting the account details via DM to investigate the billing issue, maintaining a friendly and concise tone suitable for the platform.",True
84,agent,Hey! We love hearing ideas like adding full credits and history to album pages. I’ve passed your suggestion along to the team. Thanks for sharing! /NY,4,4,5,2,3,"The reply is friendly and grounded in the evidence (passing feedback to developers), but it fails to provide the specific, actionable next step (linking to the Community) that the reference reply offers, making it less effective for a feature request.",True
85,agent,Hey! We’re working on launching in new countries as often as possible. Keep an eye on our updates and add your email at /GK to stay informed. Thanks for the love! 🇿🇦,5,5,5,5,5,"The reply accurately reflects the reference information, maintains a friendly and concise tone appropriate for the platform, and provides the specific actionable link found in the evidence.",True
86,agent,We’re sorry you’re feeling unheard. Could you share more details so we can help?,5,2,4,3,2,"The reply is polite and grounded in general support practices, but it fails to address the specific issue (the discount eligibility) identified in the reference reply, instead asking for details that the reference indicates are already known or irrelevant to the policy constraint.",True
87,agent,"We hear you! While we don’t have a #NeverPlay rule yet, you can hide songs or artists you don’t want to hear. We’ll pass your suggestion along. Thanks for the feedback! 🙏",2,3,5,3,3,"The reply invents a specific feature ('hide songs or artists') that is not present in the provided evidence or reference, violating groundedness, though the tone is appropriate and the general sentiment aligns with the reference.",True
88,agent,Hey! Thanks for the idea – we’ll pass your Apple Watch Series 3 streaming suggestion along to the team. Stay tuned!,2,2,4,1,2,"The candidate invents a promise to 'pass the suggestion along' which is not supported by the evidence or reference, and fails to provide the concrete next step (voting on the official idea) required to resolve the request.",True
89,agent,"Hey! If “Hello” by Seventeen isn’t playing, it might not be in our catalog in your region yet. You can check the song’s page for availability info or request it via the app. Hope that helps! /NS",2,3,4,3,2,"The candidate invents specific troubleshooting steps (checking song page, requesting via app) that are not present in the provided evidence or reference, and fails to provide the specific link (/JT) that the reference reply used to address the content availability issue.",True
90,agent,Hey! Students can enjoy a 30‑day Premium trial if they meet eligibility. Check the Student offer in your account settings and follow the prompts to activate it. Let us know if you need more help!,1,1,4,2,1,"The candidate invents a specific policy and self-service step ('Check the Student offer in your account settings') that is not supported by the evidence or reference, which instead requires a manual backstage check via DM.",True
91,agent,Thanks for the idea! We love hearing how you’d like to use Spotify. We’ll pass your suggestion along to the team. 🎧,2,2,4,1,2,"The candidate invents a promise to 'pass the suggestion along' which is not in the evidence or reference, and fails to provide the concrete next step (submitting to the Community) required to resolve the request.",True
92,agent,"Hey! We don’t have any details on upcoming iPhone X optimizations right now, but we’ve passed your feedback along. Thanks for sharing!",5,5,5,4,5,"The reply accurately reflects the reference information, maintains a friendly and concise tone suitable for Twitter, and effectively communicates that the feedback has been passed along, which is the primary action available in this scenario.",True
93,agent,Sorry about the trouble! Make sure the email address is entered correctly in the Family invite and that the recipient checks their spam folder. You can also resend the invite from Settings → Family. Let us know if it still won’t send!,1,2,4,3,1,"The candidate invents specific troubleshooting steps (spam folder, settings path) not found in the evidence or reference, and fails to follow the reference's instruction to request account details via DM to investigate the issue.",True
94,agent,Hey! Sorry to hear your playlist got shuffled. Please DM us your account email so we can look into it and help restore your tracks. Thanks!,2,1,4,3,2,The candidate invents a 'restore' promise and misdiagnoses the issue as a shuffle rather than the standard Free tier suggested tracks behavior explained in the reference.,True
95,agent,"Hey! The Beta program lets us test new features before they roll out to everyone. We’re always working to improve the app for all devices, including iPhone X. Thanks for the feedback!",2,2,4,1,2,"The reply invents a policy about testing new features not present in the evidence and fails to address the customer's specific concern about optimization, offering no actionable next steps.",True
96,agent,"Hey! That track isn’t in our catalog yet, so we can’t add it right now. Keep an eye on the app – new releases show up as they become available. Thanks for supporting the artists!",2,2,4,2,2,"The candidate invents a specific policy ('isn't in our catalog yet') and a mechanism ('new releases show up') that are not supported by the evidence, which explicitly states the Curation team is independent and the support agent has no info on the matter.",True
97,agent,"Hey there, that sounds frustrating! Try logging out, restarting the app/device, then logging back in. Let us know if it improves. /MX",5,4,5,5,4,"The reply is grounded in the provided evidence (specifically the troubleshooting steps in /MX), maintains a friendly and concise tone, and offers actionable advice, though it is slightly less direct than the reference which simply confirms the issue is resolved.",True
98,agent,"Hey! Our web player might be experiencing hiccups. Try refreshing, clearing your browser cache, or checking back in a bit. Let us know if it’s still not loading!",2,3,4,4,3,"The reply invents specific troubleshooting steps (clearing cache) not found in the evidence or reference, and fails to confirm the issue is resolved on the brand's end as the reference does, though the tone and general advice are acceptable.",True
99,agent,Sorry to hear that! Please DM us your account email or username so we can investigate the login change and restore your library and Premium.,4,5,5,5,4,"The reply is excellent in tone and actionability, correctly asking for the necessary information to investigate, but it slightly over-promises by explicitly stating the goal is to 'restore' the library and Premium, which is a specific outcome not guaranteed in the reference or evidence (which only p",True
100,agent,Hey! We can help with your username. Please DM us your account email or current username and we’ll look into it for you. /DM,5,2,5,4,2,"While the tone and request for DM details are grounded in the evidence, the reply fails to address the customer's specific question about why they cannot change their username, instead pivoting to a generic troubleshooting flow that contradicts the reference's direct explanation that usernames are n",True
101,agent,Hey! We’ll look into that unknown device for you. Please DM us the email linked to your account so we can investigate further.,5,5,5,5,5,"The candidate reply aligns perfectly with the provided evidence (specifically option 3) by requesting the account email via DM to investigate the issue, which is a logical and supported next step for a security concern, unlike the irrelevant reference reply.",True
102,agent,Hey! Taylor’s new album will appear here once it’s released and added to our catalog. We’ll roll it out as soon as we can. Thanks for your patience!,4,4,5,2,3,"The reply is friendly and grounded in the general policy of waiting for catalog updates, but it lacks the specific actionable alternative (listening to singles) provided in the reference, making it less helpful.",True
103,agent,Hey! Sorry to hear that. Please DM us your account email or username so we can investigate and secure your account and look into your playlists. /DM,4,5,5,5,5,"The reply is excellent because it correctly identifies the need to move the conversation to DMs for security and investigation, matching the intent of the evidence examples, while maintaining a friendly and concise tone.",True
104,agent,Hey! Thanks for the idea – we love hearing how we can improve Android. Share it in our Community and the team will see it. 🎧 /LO,5,5,5,5,5,"The reply accurately reflects the evidence by directing the user to the Community for feature requests, maintains a friendly and concise tone, and provides a clear next step.",True
105,agent,"Hey! We don’t have a track called “Hypnotoad” in our catalog right now. If it gets added, you’ll see it in search. Let us know if you have any other questions!",1,1,3,1,1,"The candidate invents a false fact that the track is not in the catalog, directly contradicting the reference which implies it is available or provides a link to content info, and fails to provide the correct resource link.",True
106,agent,Hey! You can switch to the yearly plan directly in your account settings—no need to cancel first. Just choose the annual option and follow the prompts. Let us know if you need help!,1,1,4,2,1,"The candidate invents a policy ('no need to cancel first') that contradicts the reference reply, which explicitly states the user must cancel their current subscription before signing up for the annual offer.",True
107,agent,We hear you! 🎧 Your request to expand saved music limits has been passed to the team. Thanks for the suggestion – we’ll keep you posted on any updates. #YourFeedbackMatters,2,3,4,2,2,"The reply invents a specific policy promise ('expand saved music limits') and a commitment ('keep you posted') that are not supported by the evidence or reference, which only suggests sharing feedback via a link.",True
108,agent,Sorry to hear that! Check the “Downloads unexpectedly removed” steps in our Help Center – they should get your songs back. Let us know if it persists!,5,4,5,4,4,"The reply is grounded in the provided evidence and maintains a friendly tone, but it is slightly less effective than the reference because it directs the user to self-service steps rather than offering the immediate manual investigation (DM for account details) that the brand actually sent.",True
109,agent,Hey! It sounds like a Facebook‑login mix‑up. Please DM us your Spotify email/username so we can sort it out and get your family member added 😊,5,5,5,5,5,"The reply accurately reflects the reference and evidence by requesting the necessary account details via DM to investigate the login issue, maintaining a friendly and concise tone.",True
110,agent,"Hey! To reconnect a third‑party app, go to Settings → Apps → Find the app and tap “Reconnect” or re‑login through the app’s website. Let us know if you hit any snags!",1,2,4,3,1,"The candidate invents specific UI steps ('Settings → Apps → Reconnect') that are not present in the provided evidence or reference, which instead asks for clarification on which app is involved.",True
111,agent,"Hey! We don’t currently offer a playlist built from your “Add to Queue” history, and we can’t pull personal usage data for that. Feel free to suggest it in our Community forum!",4,4,4,3,4,"The reply is grounded in the evidence (suggesting the Community forum) and correctly addresses the feature request, though it lacks the specific link provided in the reference and could be slightly warmer.",True
112,agent,Hey! Please DM us your account email or username so we can sort out adding your wife to the family plan. Thanks!,5,5,5,5,5,"The reply is grounded in the evidence (requesting DM with email/username), correctly advances the issue by addressing the specific request to add a family member, and maintains a friendly, concise tone suitable for Twitter support.",True
113,agent,You’re welcome! 🎶 Glad we could help. Enjoy the music!,5,5,5,2,4,"The reply is perfectly grounded, correct, and on-brand in tone, but it lacks the specific 'door left open' actionability of the reference reply by not explicitly inviting further contact.",True
114,agent,We've just sent you a DM 🙂,5,4,5,4,4,"The reply is grounded in the provided evidence and correctly directs the user to DMs, though it lacks the specific confirmation of 'more info' found in the reference and other evidence examples.",True
115,agent,Hi! Could you share a bit more detail or a screenshot of what you’re seeing? That’ll help us figure out the best solution. Thanks!,5,4,5,5,5,"The reply is grounded in the evidence (requesting a screenshot), maintains a perfect tone, and provides a clear next step, though it is slightly less specific than the reference which identified the likely issue (family plan) and requested account details.",True
116,agent,Hey! We don’t have a release date for the next iPhone X update yet. Keep an eye on the App Store for the latest version. /RB,4,4,4,4,4,"The reply is grounded in the evidence provided (no info available), correctly addresses the lack of a specific date, and offers a reasonable next step (checking the App Store), though it is slightly less empathetic than the reference.",True
117,agent,Hey! Sorry to hear the upgrade didn’t go through. Please DM us your account email or username so we can sort it out for you. /,5,5,5,5,5,"The reply accurately reflects the reference and evidence by requesting the necessary account details via DM to investigate the issue, maintaining a friendly and concise tone.",True
118,agent,Hey! We hear you—sleep timer is a popular request. You can upvote it here: /RS. Thanks for the feedback! 💚,5,5,5,5,5,"The reply accurately reflects the reference and evidence by directing the user to the feature request link, maintains a friendly and concise tone suitable for Twitter, and provides a clear, actionable next step.",True
119,agent,"Hey! Try restarting the app and clearing the cache, then set audio quality to High again. If it still sounds low, DM us your username & email so we can dig deeper. 🎧",2,3,5,4,3,"The reply invents specific troubleshooting steps (restarting, clearing cache) not found in the provided evidence or reference, which strictly asks for device/version details or account info for backstage review.",True
120,agent,"Hey! Sorry about the long ad. Ads can vary, but 2 hours sounds off. Could you share the device and app version you’re using? We’ll look into it.",2,3,4,4,3,"The reply is friendly and actionable but invents a specific diagnosis ('2 hours sounds off') and requests technical details (device/version) that are not present in the reference reply or the specific evidence provided for this scenario, making it slightly ungrounded.",True
121,agent,"Hey! Sorry for the slowdown. Could you share your device, OS, and Spotify version? We'll help troubleshoot the loading issue. /RS",5,5,5,5,5,"The candidate reply is concise, empathetic, and accurately requests the necessary technical details (device, OS, version) found in the evidence to troubleshoot the issue, matching the intent of the reference reply.",True
122,agent,Hey! Nostalgia Ultra isn’t on Spotify right now due to licensing. We’ll let you know if it returns. Thanks for understanding!,2,3,4,1,2,"The reply invents a promise to notify the user ('We'll let you know') which is not in the evidence, and fails to provide the helpful link or troubleshooting steps present in the reference and evidence.",True
123,agent,Hey! Could you DM us the album’s Spotify URI and let us know which country you’re listening from? We’ll check why #PerfectVelvet isn’t showing up. Thanks!,5,5,5,5,5,"The candidate reply accurately reflects the troubleshooting steps found in the evidence (requesting URI and country) while maintaining a friendly, concise tone appropriate for the platform.",True
124,agent,"Hey sarimr_12, sorry you’re missing premium features! Please DM us your account email so we can sort it out for you 🙂",5,4,5,5,4,"The reply is friendly, concise, and grounded in the evidence (requesting email/username), though it slightly deviates from the reference's specific request for a screenshot, making it a solid but not perfect match.",True
125,agent,We’re sorry you’ve had trouble with the gift‑card purchase. Please DM us your email so we can look into the issue and help you out. #SpotifyCares,5,5,4,5,5,"The reply is grounded in the provided evidence (requesting email via DM), correctly advances the issue by moving the conversation to a private channel as per the reference, and maintains a professional, helpful tone suitable for Twitter support.",True
126,agent,We hear you! Lyrics are available for many tracks via Musixmatch for Premium users. We’re always looking to improve the experience. Thanks for the suggestion!,5,4,5,3,4,"The reply is grounded, friendly, and correctly identifies the solution (Musixmatch for Premium), but it lacks the specific actionable step of 'connecting' the account and the direct link provided in the reference.",True
127,agent,Hey! We’ve just sent you a DM—let’s sort out your family plan there. Thanks!,5,5,5,5,5,"The candidate reply accurately reflects the reference action of moving the conversation to DMs, maintains a friendly and concise tone, and provides a clear next step for the customer.",True
128,agent,We don’t have an Apple Watch app yet and don’t have a release date to share. You can follow the official idea and add your vote for updates.,5,5,4,4,5,"The reply accurately reflects the evidence by confirming the lack of an app and release date, provides the correct next step (voting on the idea), and maintains a professional, concise tone suitable for the platform.",True
129,agent,Hey! Gift cards can’t cover annual plans directly. Please DM us your account email so we can check options for you. Thanks!,4,4,5,4,4,"The reply is friendly and correctly identifies that gift cards cannot be used for annual plans, but it deviates from the reference by asking for account details instead of simply providing the link to payment methods, which is the standard resolution for this specific policy question.",True
130,agent,"Ciao! The 3‑month promo is automatically applied when you upgrade to Premium during the offer period. If you only see a 1‑week trial, try upgrading again in the app’s Premium page. Let us know if it still won’t work!",1,1,4,2,1,"The candidate invents specific troubleshooting steps and policy details that are not present in the provided evidence or reference, which actually directs the user to email support for Italian language assistance.",True
131,agent,Thanks for the suggestion! We’ll pass your cover idea along to the team that curates Acoustic Calm. 🎧 #music,1,1,4,1,1,"The candidate invents a promise to pass the suggestion to the curation team, which contradicts the reference reply that directs the user to Artist Services, and provides no actionable link or step.",True
132,agent,Sorry you’re stuck! Please DM us your account email so we can help you reset your login. We’ll get you back in ASAP.,4,4,5,5,4,"The reply is friendly, actionable, and correctly directs the user to DM for account details, though it slightly narrows the scope to 'reset' which wasn't explicitly in the reference, and omits the username option.",True
133,agent,"Hi! Make sure you’re on Premium and have ""Download using cellular"" turned on in Settings. If it’s still not working, try logging out and back in. Need more help? DM us!",1,1,4,2,1,The candidate invents troubleshooting steps not found in the evidence and fails to provide the specific Indonesian email support contact that the reference reply explicitly offers.,True
134,agent,"Hey! If the payment page stays on “processing,” try clearing your browser cache or using a different browser/device. If it still won’t go through, let us know and we’ll look into it further. /CO",2,2,4,3,2,"The candidate invents technical troubleshooting steps (clearing cache) not present in the evidence or reference, and fails to request the necessary account details (username/email) required to actually investigate the payment issue as the reference reply does.",True
135,agent,Hey there! 😊 Let us know what’s going on and we’ll do our best to help.,5,2,5,2,2,"The reply is friendly and grounded in general support language, but it fails to address the specific context of the customer's dismissive comment or the reference's confirmation that the issue is resolved, making it irrelevant and unhelpful.",True
136,agent,Hey! We hear you—Spotify doesn’t automatically swap songs with different language versions. You can always edit your playlists manually. Thanks for the feedback! 💚,1,1,4,1,1,The candidate invents a policy claim that Spotify does not swap songs (contradicting the customer's experience and the reference's willingness to investigate) and fails to provide the necessary next step of requesting account details for support.,True
137,agent,"Hey! Spotify works worldwide, but you may need to verify your account if you see a location prompt. Try logging in via the app, confirm your email, and ensure you’re using the same country as your subscription. Need more help? DM us!",1,1,4,2,1,The candidate invents troubleshooting steps and policies not present in the evidence and fails to provide the correct support channels (email/Twitter) specified in the reference.,True
138,agent,Hey! Sorry to hear about the payment trouble. We’ll look into it—please DM us your account email so we can help you further. /DM,5,5,5,5,5,"The candidate reply accurately mirrors the reference's request for the account email via DM, maintains a friendly and concise tone, and provides a clear next step without inventing unsupported policies.",True
139,agent,"We love the idea! While we don’t have live sessions right now, we’re always listening to feedback. Stay tuned for any updates! 🎧",2,3,4,2,2,"The reply invents a policy ('we're always listening') and fails to perform the specific action of forwarding the feedback to the right team as done in the reference, making it less helpful and grounded.",True
140,agent,We’re sorry to hear your downloads disappeared! Please DM us your account username or email so we can investigate and get your music back. 🎧,5,5,5,5,5,"The reply is concise, friendly, and correctly directs the user to DM their account details for investigation, aligning perfectly with the provided evidence and standard support procedures.",True
141,agent,"Hey! You can merge playlists by selecting a playlist, tapping the three‑dot menu, choosing “Add to another playlist,” and picking the target playlist. Do it for each playlist you want to combine. 🎧",1,1,4,2,1,"The candidate invents a non-existent feature ('Add to another playlist' for merging) that contradicts the reference reply stating it is not possible, and fails to provide the correct workaround (Ctrl+A) mentioned in the reference.",True
142,agent,"Hey! To get your podcast on Spotify, submit its RSS feed through our podcast submission page: https://podcasters.spotify.com/. Follow the guide there and you’ll be set. /JP",1,2,4,3,1,"The candidate invents a specific URL and submission process ('submit its RSS feed through our podcast submission page') that is not present in the provided evidence or reference, which only directs the user to a generic link or placeholder.",True
143,agent,"Hey! To start a Family plan, go to Settings → Account → Switch to Family and invite your members. Your playlists stay right where they are. Need more help? Just let us know!",1,1,4,2,1,"The candidate invents specific UI steps and makes an unverified promise about playlist retention that are not supported by the provided evidence or the reference reply, which instead requests account details for manual review.",True
144,agent,"Hey! If your Facebook account was deactivated, you’ll need to log in with your email/username instead. Please DM us your Spotify email or username so we can help you reset access. /RV",4,4,5,5,4,"The reply is friendly and actionable, correctly asking for the necessary credentials, but it slightly over-explains the solution ('log in with your email') which is not explicitly stated in the reference or evidence, potentially assuming a specific technical fix rather than just gathering info to 'c",True
145,agent,Sorry to hear that! Please DM us your account email or username so we can look into your missing playlists. 🔍,5,5,5,5,5,"The candidate reply is concise, friendly, and accurately requests the necessary information (email/username) to investigate the issue, aligning perfectly with the reference and evidence.",True
146,agent,Hey there! Could you let us know how we can help you today? 😊,5,1,4,1,1,The candidate reply is a generic greeting that completely ignores the customer's specific request regarding the #Reputation album and fails to provide the content link or status update present in the reference reply.,True
147,agent,We've got your DM and are looking into it! We'll reply there shortly 🙂,5,4,5,4,4,"The reply is friendly, grounded in the evidence of DM interactions, and correctly directs the customer to the DM channel, though it lacks the specific security verification steps present in the reference reply.",True
148,agent,Hey! Sorry for the hassle. Please DM us your username and email so we can sort out the extra charges and get your premium status straightened out. 🙏,4,4,5,5,4,"The reply is friendly, actionable, and correctly requests the necessary information, though it slightly over-commits by promising to 'straighten out' the premium status rather than just investigating the charges as per the reference.",True
149,agent,Hey! Sorry to hear that. Please DM us your account email or username so we can check why you were charged after canceling. Thanks!,5,5,4,5,4,"The reply is factually grounded, correctly advances the issue by requesting necessary account details, and provides a clear next step, though it lacks the specific playful sign-off style seen in the reference and evidence.",True
150,agent,"Congrats on Premium! If you see two receipts, it might be a duplicate charge. Please check your account billing page and DM us the details so we can look into it. Thanks!",2,3,4,3,2,"The reply invents a specific diagnostic step ('check your account billing page') and a potential cause ('duplicate charge') not found in the evidence or reference, which only asks for account details via DM to investigate.",True
151,agent,"Hey! To switch to a student plan, DM us your account email or username and we’ll guide you through the verification process. /BH",5,5,5,5,5,"The reply accurately reflects the reference and evidence by requesting the necessary account details to proceed, maintains a friendly and concise tone, and provides a clear next step for the customer.",True
152,agent,"Hey! We don’t have a release date yet, but we’ll add it as soon as we can. Stay tuned!",4,4,5,3,4,"The reply is friendly and grounded in the general lack of a specific date, but it misses the opportunity to direct the user to the available singles as done in the reference, making it slightly less actionable.",True
153,agent,"Hey! If an ad shows up before the full 30 min of ad‑free music, it could be a crash or glitch resetting the timer. Try restarting the app and let us know if it keeps happening /RV",4,4,5,5,4,"The reply is friendly, actionable, and correctly identifies the likely cause (crash/reset) mentioned in the evidence, though it adds a troubleshooting step (restarting) not explicitly present in the reference.",True
154,agent,Hey! Sorry you’re having trouble. Please DM us your account email or username so we can look into the payment issue and get you back on Premium. /DM,5,5,5,5,5,"The reply is perfectly grounded in the provided evidence, correctly requests the necessary account details to resolve the payment issue, and maintains a friendly, concise, and on-brand tone.",True
155,agent,Thanks for letting us know! We hear you on the Chromecast volume controls and will pass this along to the product team. 🙏,2,2,4,1,2,"The reply incorrectly treats a technical bug report as a feature request and fails to ask for the necessary diagnostic information (Android/Spotify versions) required to resolve the issue, as demonstrated by the reference reply.",True
156,agent,"Hey! To get your original tracks on Spotify, check out our guide for artists here: https://artists.spotify.com/submit. Let us know if you need any help!",1,2,4,3,1,"The candidate invents a specific URL and assumes the customer is an artist, whereas the evidence and reference indicate the customer is likely a fan requesting a specific artist's music, making the reply factually ungrounded and potentially irrelevant.",True
157,agent,Hey! We don’t have a release date for the Reputation album yet. Keep an eye on our announcements for updates. Thanks for your patience! 🎶,5,5,5,4,5,"The reply is factually grounded in the evidence (no release date), matches the reference's intent, maintains a friendly tone, and provides a clear next step to monitor for updates.",True
158,agent,"Sorry about that! Try searching the exact band name or filter by ""Benediction"" in the artist field to get the right tracks. Let us know if you still see unrelated songs!",1,2,4,3,2,"The candidate invents specific UI steps (filtering by artist field) that are not present in the provided evidence or reference, failing the groundedness requirement despite having a friendly tone.",True
159,agent,We’re sorry you’re still seeing activity on your account. Please DM us your email so we can investigate and secure it for you.,1,2,4,3,1,"The candidate invents a specific procedure (DMing email) that is not present in the evidence or reference, which typically violates security protocols and fails to provide the intended resource link.",True
0,nn,"Hey! We're afraid this isn't possible now, but we're taking on all feedback. About the Roku app, are you getting any error messages? /JP",5,1,2,1,1,"The candidate reply is completely irrelevant to the customer's issue regarding an annual subscription link, instead addressing a Roku app error that was not mentioned.",True
1,nn,Sorry you feel that way. We'll be sure to pass your feedback about this on to the right team. Just give us a shout if you need more help /NY,5,5,4,4,5,"The candidate reply is a direct match to the provided evidence, correctly addresses the feedback by promising to pass it on, and maintains a helpful, professional tone suitable for the platform.",True
2,nn,Hi Max! You can help make it happen in the very near future by voting for a similar idea here: :) /UF,5,1,4,2,1,"The candidate reply is completely irrelevant to the customer's complaint about ignored messages and PR stunts, failing to address the issue or provide the promised DM mentioned in the reference.",True
3,nn,Hey there! You can find info on playlists here: /BB,5,2,4,2,2,"The reply is grounded and polite but fails to address the customer's specific request to add a song, instead providing a generic link that does not resolve the issue as the reference reply does.",True
4,nn,We're sorry to hear that. Can you try the steps here for us: Keep us posted /MV,5,1,3,1,1,"The candidate reply is grounded in the provided evidence but is completely irrelevant to the customer's issue regarding a specific song being removed, failing to address the licensing context or provide a useful resolution.",True
5,nn,Thanks. We'll get this reported. Great detective work! /MT,5,1,3,1,1,"The candidate reply is completely irrelevant to the customer's question about a specific album release, failing to provide the requested information or the correct link provided in the reference.",True
6,nn,"Not all new songs appear under New Releases, but we'll make sure to pass on your feedback to the right folks /RB",5,2,4,2,2,"While the reply is grounded in the provided evidence and maintains a friendly tone, it fails to address the specific missing content issue by not asking for the song title or location as the reference reply does, making it less effective for resolving the customer's specific request.",True
7,nn,No worries! Can you try the steps here for us: Let us know how it goes /RB,5,2,4,2,2,"The reply is grounded in the provided evidence and has a friendly tone, but it is incorrect and unactionable because it references 'steps here' without providing a link or specific instructions, unlike the reference which correctly asks for account details to investigate the sync issue.",True
8,nn,Hey James! Can you DM us your account's email address and username? We'll take a look backstage /JX,5,2,5,4,2,"The reply is grounded and has a good tone, but it is incorrect because it asks for account details instead of providing the direct link to update payment information as shown in the reference and other evidence.",True
9,nn,Thanks for the info. Best thing to try here is a clean reinstall. Just follow the exact steps at Keep us posted /RK,5,2,4,3,2,"The reply is grounded in the provided evidence and has a good tone, but it is incorrect because the reference indicates the issue was a server-side hiccup that is already resolved, making a clean reinstall unnecessary and potentially frustrating for the user.",True
10,nn,Hi! We've just sent you a DM 🙂 /AR,5,5,5,5,5,"The candidate reply is identical to the first piece of evidence provided, which is a valid, on-brand, and actionable response that directs the customer to check their DMs for further assistance.",True
11,nn,"Yup! If you have other questions, you know where to reach us /RA",5,1,4,1,1,"The candidate reply is completely irrelevant to the customer's request for music facts, failing to acknowledge the specific feedback or pass it along as the reference reply did.",True
12,nn,"Hey Stefanie! Just to check, do you usually listen to music that isn't on your Discover Weekly/listen in a private session? Let us know /ND",5,1,4,1,1,"The candidate reply is completely irrelevant to the customer's complaint about app compatibility, addressing a different issue (Discover Weekly) instead of acknowledging the bug or promising a fix as the reference did.",True
13,nn,"Hi Josue! That doesn't sound good. What Spotify version are you using? Is this happening to a specific song, album, or artist only? /AU",5,2,5,4,3,"The reply is grounded and has a good tone, but it fails to address the core issue (content availability/licensing) indicated by the reference reply, instead asking for technical troubleshooting details that are likely irrelevant to a licensing restriction.",True
14,nn,Hi there! Can you let us know which country your account is set to? We'll take a look backstage /GT,5,2,5,3,2,"While the reply is grounded in the provided evidence and has a good tone, it fails to address the customer's specific question about the release date, instead pivoting to a troubleshooting step (country check) that is not the primary solution indicated by the reference reply.",True
15,nn,"Hey there, help's here! What device, operating system, and Spotify version are you using? We'll see what we can suggest /NG",5,1,4,2,1,"The candidate reply is completely irrelevant to the customer's question about album availability, incorrectly treating it as a technical device issue instead of providing the content availability information found in the reference.",True
16,nn,Got it. How about doing a reinstall? Just follow the steps at Let us know how it goes /JM,5,1,3,2,1,"The candidate reply is completely irrelevant to the customer's complaint about the lack of a phone number, failing to address the core issue or acknowledge the brand's policy as shown in the reference.",True
17,nn,Thanks! Can you tell us which version of Windows as well as which version of Spotify you're using? Keep us posted /TF,5,2,4,3,2,"While the reply is grounded in the provided evidence and maintains a polite tone, it is incorrect because it asks for version information instead of addressing the immediate technical issue (beeping/uninstall failure) with the troubleshooting step (restart) provided in the reference reply.",True
18,nn,Hi! We're launching in new countries as often as possible. Be sure to add your email at to stay in the loop /WW,5,5,5,5,5,"The candidate reply is an exact match to the first piece of evidence provided, correctly addressing the customer's comment about location with the standard launch update and call to action.",True
19,nn,"Hey Trav, help's here! Can you DM us your account's email address and username as well as some details about what's happening? /MQ",5,4,5,5,4,"The reply is grounded in the provided evidence and maintains a friendly, actionable tone, but it fails to address the customer's specific complaint about the billing issue or the inability to DM, which the reference reply explicitly handled.",True
20,nn,"Hey there! Currently, all members of a Premium for Family plan must reside at the same physical address. Hope this clears things up /AR",5,2,3,1,2,"While the policy statement is grounded in the evidence, the reply fails to address the customer's specific situation (vacation) or provide the necessary next step (sharing account details) required to resolve the issue, making it unhelpful and potentially dismissive.",True
21,nn,"Hey! We're working on it, and we hope to have it available soon. There's more info here: /AR",5,5,5,5,5,"The candidate reply is identical to the reference reply, correctly addressing the customer's request with the appropriate tone and actionable link.",True
22,nn,Hey Amy! What's happening exactly? Can you tell us what device and operating system are you using? We'll lend a hand /SY,5,2,5,3,3,"The reply is grounded and on-brand but fails to address the specific technical issue (web player error) or provide the troubleshooting step (clearing cache) present in the reference, instead asking for redundant information.",True
23,nn,"Thanks! Can you tell us if this happens to all tracks that you listen to, or just some album in particular? We'll check things out /CH",5,3,5,2,3,"The reply is grounded and has a good tone, but it is less actionable than the reference reply which provides a direct solution link, and it asks for information (specific album vs all) that might be less efficient than the provided troubleshooting steps.",True
24,nn,"Hey Elle! We're working on it, and we hope to have it available soon. There's more info here: /RV",5,5,5,5,5,"The candidate reply is an exact match to one of the provided evidence options, correctly addressing the customer's request with the appropriate tone and actionable link.",True
25,nn,"Hey Kieron, help's here! Could you try inviting them using an incognito window? Keep us posted /ND",5,1,5,1,1,"The candidate copy-pasted an irrelevant response about inviting users in an incognito window, which does not address the customer's issue with saving account changes or email conflicts.",True
26,nn,Hi there! We’ll have it available to you as soon as it’s available to us. /GK,5,1,4,1,1,The candidate reply is grounded in the provided evidence but is completely incorrect for the specific issue (tracks cut short) and fails to provide the necessary next step (requesting song links) required to resolve the technical problem.,True
27,nn,Hey Carlo! We’ve got some info about mixtapes here: /DV,5,2,4,3,2,"The candidate reply is grounded in the provided evidence but fails to address the specific artist mentioned in the customer's message, making it less relevant and helpful than the reference reply which acknowledges the desire to have the content available.",True
28,nn,Hi there! We've just sent a DM your way. Let's carry on chatting there /FR,5,2,5,2,2,"The reply is grounded and has the correct tone, but it is contextually incorrect because it claims a DM was sent when the customer has only just asked a question, failing to address the cancellation request or request necessary account details as the reference does.",True
29,nn,"Hi Daniel. Don't worry, help's here. Can you tell us what device, operating system, and exact app version you're using? /JU",5,1,3,1,1,The candidate copy-pasted an irrelevant troubleshooting template for a different customer (Daniel) instead of addressing the specific question about market availability in Serbia.,True
30,nn,Can you try logging out and back in again? You can also try restarting your device to see if it helps /MA,5,4,5,5,4,"The reply is grounded in the provided evidence and offers actionable troubleshooting steps, though it misses the diagnostic question about error messages present in the reference reply.",True
31,nn,Hi there! Can you DM us your account's email address or username? We'll see what we can suggest /NQ,5,5,5,5,5,The candidate reply is identical to one of the provided evidence snippets and aligns perfectly with the reference reply's intent to request account details for further investigation.,True
32,nn,We're here now! Could you DM us any usernames or email addresses you might've used for Spotify? We'll check things out /GU,5,4,5,5,4,"The reply is grounded in the provided evidence and offers a clear, actionable next step, though it is slightly less direct than the reference reply which confirms the DM has already been sent.",True
33,nn,"Not a problem! If you need anything else, let us know 🙂 /RA",5,1,5,1,1,The candidate reply is irrelevant to the customer's request for specific artist content and fails to provide the necessary information or link found in the reference reply.,True
34,nn,Got it. Can you DM us your account's username or email address? We'll check backstage /AP,5,5,5,5,5,"The candidate reply is identical to the first piece of evidence provided and aligns perfectly with the intent and content of the reference reply, making it accurate, grounded, and actionable.",True
35,nn,Hey Leo! Help's here. Can you DM us your account's email address or username? We'll take a look backstage /DD,5,2,4,3,2,"The reply is grounded in the provided evidence and has a friendly tone, but it is incorrect because it asks for account credentials instead of the technical screenshot required to diagnose the missing DLL issue described in the reference.",True
36,nn,Hey Brian! Can you DM us your account's email address or username? We'll check backstage /AR,5,1,5,2,1,"The candidate reply is a generic troubleshooting template that completely ignores the customer's specific question about payment methods, failing to provide the necessary information found in the reference.",True
37,nn,Hey Kayleigh! It shouldn't take long. Can you DM us the email address you used to contact us? We'll take a look under the hood /MV,5,4,5,5,4,"The reply is perfectly grounded in the provided evidence and has an excellent tone, but it assumes a prior contact that the customer did not mention, making it slightly less appropriate than the reference which addresses the general licensing issue.",True
38,nn,Alright. Could you try downloading and installing the desktop app at and see if the issue persists? /LM,5,1,2,1,1,"The candidate reply is completely irrelevant to the customer's feature request, addressing a non-existent technical issue instead of providing the voting link found in the reference.",True
39,nn,Hey! We still don't have any info on this right now. Just continue keeping an eye out for any updates /RB,5,4,4,3,4,"The reply is grounded in the provided evidence and correctly addresses the lack of immediate information, though it is slightly less warm and specific than the reference reply which promised active work on the issue.",True
40,nn,Hey there! We have more info about this here: Give us a shout if you have any questions /GK,5,1,4,1,1,"The candidate reply is a generic placeholder that fails to address the customer's specific request for missing albums, unlike the reference which correctly asks for the artist/album details to assist.",True
41,nn,Hey Tiffany! Pre-sale codes are being sent out by email to some of First Aid Kit's biggest fans on Spotify. Hopefully you're one of them /SJ,5,5,5,4,5,"The candidate reply is a verbatim match to the provided evidence, correctly addressing the customer with the appropriate artist context and maintaining a friendly, on-brand tone.",True
42,nn,"Hey, help's here! What's happening exactly? Can you DM us your account's username or email address? We'll take a look under the hood /RS",5,4,5,5,4,"The reply is grounded in the provided evidence and maintains a perfect tone, but it is slightly less efficient than the reference because it asks for credentials instead of confirming the DM has already been sent.",True
43,nn,Hi! We're afraid we don't offer phone support. Can you DM is your account's username and email address? We'll be happy to help /SV,5,2,3,3,2,"The reply is grounded in the provided evidence but is incorrect for the specific issue (deleted library) as it addresses phone support which was not mentioned, and it contains a grammatical error ('DM is').",True
44,nn,Let's continue chatting via DM. We'll help out there /RA,5,5,5,5,5,"The candidate reply is an exact match to one of the provided evidence snippets, correctly directing the user to DM for further assistance, which aligns with the reference reply's intent to move the conversation to a private channel.",True
45,nn,"Hi Jody! We're afraid this isn't possible right now, but you can show your support for the idea here: /AU",5,5,5,5,5,"The candidate reply is identical to the first piece of evidence provided, correctly addressing the customer's request with the appropriate link and tone.",True
46,nn,"Hey there! Can you let us know what device, OS, and Spotify version you're running? Also, are you getting any specific error messages? /LM",5,4,5,5,4,"The reply is grounded in the provided evidence and correctly asks for necessary diagnostic information, though it adds a question about error messages that is less relevant to the specific 'auto-play' issue compared to the reference reply.",True
47,nn,"Hey! When you tap the thumbs up or thumbs down icons when a track is playing, the station improves to match your tastes. Hope that helps /NQ",5,1,4,1,1,"The candidate reply is completely irrelevant to the customer's billing issue, addressing a feature question instead of the reported double charge.",True
48,nn,Hey there! A sleep timer is a great idea. Help make it happen by adding support here: /RS,5,5,5,5,5,"The candidate reply is identical to one of the provided evidence examples, correctly addresses the feature request with a valid link, and maintains a friendly, on-brand tone.",True
49,nn,We hear you. The team are always working to tweak algorithms & we appreciate your feedback! We'll let the devs know your thoughts /J,5,5,5,4,5,"The candidate reply is an exact match to the provided evidence, correctly acknowledges the feature request with a friendly tone, and appropriately manages expectations by confirming the feedback has been passed to the development team.",True
50,nn,"1: Got it. Before anything, we'd suggest deleting the tweet with the screenshot as it contains your private info. Once done, can you...",1,1,2,1,1,"The candidate reply is a truncated fragment that hallucinates a privacy issue (private info in a screenshot) not present in the customer's text or the reference, failing to address the actual complaint about ad content.",True
51,nn,Thanks for the info. Can you DM us your Spotify username or email address? We'll see what we can suggest /HC,5,4,5,5,4,"The reply is grounded in the provided evidence and maintains a friendly, actionable tone, but it is slightly less effective than the reference because it requests account credentials instead of the specific technical details (device/OS/version) needed to diagnose the crashing issue.",True
52,nn,Hey! That's not cool. Can you DM us your account's email address? We'll take a look /M,5,2,4,3,2,"While the reply is grounded in the provided evidence and has a friendly tone, it is incorrect because it asks for an email address (which is not the next step in the reference reply) and fails to ask for the specific technical details (OS and version) required to diagnose the cross-device notificati",True
53,nn,"Hey there! We’re working on it, and we hope to have this podcast available for you /JP",1,1,3,1,1,"The candidate reply is completely irrelevant to the customer's feature suggestion, incorrectly promising a specific podcast availability instead of directing them to the community as the reference does.",True
54,nn,"Hey there, we've just replied to your DM. Check it out /SX",5,1,4,2,1,"The candidate reply is a copy-paste of an unrelated evidence snippet that falsely claims a DM was already sent, failing to address the customer's request for help or provide the necessary information gathering steps found in the reference.",True
55,nn,Hey there! Is this what you're looking for: Happy listening 🎧 /GN,5,1,4,1,1,"The candidate reply is a generic greeting that completely fails to address the customer's specific question about the Romania launch, whereas the reference and evidence provide relevant information about launch frequency and how to sign up.",True
56,nn,Hey Michelle! Can you DM us your account's email address or username? We'll check backstage /AR,5,5,5,5,5,"The candidate reply is an exact match to one of the provided evidence examples, correctly requesting the necessary account details to investigate the issue with an appropriate tone.",True
57,nn,Hey there! We’ll have it available to you as soon as it’s available to us. We have more info about this here: /CG,5,2,4,3,2,"While the reply is grounded in the provided evidence and maintains a friendly tone, it is incorrect because it promises availability of a specific content type ('mixtapes') that the reference reply indicates is not currently available or is handled differently, potentially misleading the customer.",True
58,nn,"Hmm. Are there any updates available for your operating system? If so, does updating help? Keep us in the loop /GU",5,2,4,3,2,"While the reply is grounded in the provided evidence and maintains a friendly tone, it is a poor response to the specific issue because it skips the necessary diagnostic steps (device, OS, version, screenshot) requested in the reference reply and jumps straight to a generic troubleshooting step that",True
59,nn,"Hi there! Just send it over, and we'd be happy to answer your question. /NQ",5,4,5,4,4,"The reply is grounded and friendly, but it is less specific than the reference because it does not explicitly ask for the email address, which is the concrete next step required to verify the account.",True
60,nn,Can you try opening the web player on a different browser or an incognito window? Tell us if that made a difference /JM,5,5,4,5,5,"The candidate reply is a direct match to the first piece of evidence, providing correct, actionable troubleshooting steps with a professional tone suitable for the platform.",True
61,nn,Hey Angela! The cavalry's here. Could you DM us your account's email address or username? We'll take a look under the hood /KB,5,2,5,4,3,"The reply is perfectly grounded in the provided evidence and has an excellent tone, but it is less effective than the reference reply because it requests private information (email/username) via DM instead of asking for the necessary technical details (device/OS/version) to diagnose the 'Loading..' ",True
62,nn,"Hi, sorry to hear that! Check out the steps under ""Downloads unexpectedly removed"" at They should help /GT",5,1,3,1,1,"The candidate reply is completely irrelevant to the customer's request for a payment method, instead addressing an unrelated issue about removed downloads.",True
63,nn,"Hey, help's here! Can you DM us your account's username or email address? We'll take a look under the hood /RS",5,5,5,5,5,"The candidate reply is identical to the first piece of evidence provided, making it perfectly grounded, correct, and actionable for the support context.",True
64,nn,Hey Warren! Can you DM us your account's email address? We'll take a look under the hood /QI,5,5,5,5,5,"The candidate reply is an exact match to the first piece of evidence provided, correctly requesting the necessary account details to resolve the issue with an appropriate tone.",True
65,nn,Hey there! This doesn't sound good. What issues are you having and on what device? We'll see what we can suggest 🙂 /CG,5,2,5,2,2,"The reply is grounded and has a good tone, but it fails to address the specific complaint about the shuffle algorithm or provide the relevant feedback link mentioned in the reference, instead asking for generic troubleshooting details that do not resolve the core issue.",True
66,nn,Hi there! We've just sent you a bit more info over DM. We'll carry on helping out there /JM,5,1,5,1,1,"The candidate reply is a verbatim copy of an evidence snippet that assumes a DM has already been sent, which contradicts the current state where the agent still needs to request the customer's account details to begin the investigation.",True
67,nn,"1: Hey there! To grab the Spotify Student + Hulu bundle, just visit Then, select Activate Hulu and complete the...",5,1,2,1,1,"The candidate reply is completely irrelevant to the customer's question about a specific artist's availability, instead providing instructions for a student bundle activation.",True
68,nn,Hey there! We'll help out. Can you DM us your account's email address? We'll take a look under the hood /AN,5,5,5,5,5,"The candidate reply is nearly identical to the reference and one of the evidence examples, correctly requesting the necessary account details to investigate the issue with an appropriate tone.",True
69,nn,Hey! We've just sent you a DM 🙂 /RV,5,1,5,1,1,"The candidate reply is a generic placeholder that fails to address the customer's specific security concern or request for verification, unlike the reference reply which asks for necessary details to investigate the potential phishing attempt.",True
70,nn,Can you try opening the web player on a different browser or an incognito window? Tell us if that made a difference /JM,5,2,4,4,2,"While the reply is grounded and actionable, it fails to address the specific context of a resolved system outage provided in the reference, making it a generic troubleshooting step that ignores the likely root cause.",True
71,nn,We hear you loud and clear Steph! Thanks for the feedback! It's music to our ears 🎶 /DF,5,4,5,2,4,"The reply is grounded in the provided evidence and matches the friendly tone, but it lacks the specific commitment to escalate the feedback found in the reference reply, making it slightly less actionable.",True
72,nn,"Hey! Our Curation team are independent & use taste, data, research, and trends to create playlists, but we’ll pass on your suggestion 🙂 /CH",5,2,4,2,2,"The reply is grounded in the provided evidence and has a friendly tone, but it fails to provide the specific actionable link to vote for the feature request that the reference reply offers, making it less effective at advancing the customer's request.",True
73,nn,"Hi there! We don't have any info on this right now, but we'll let the right team know it's something you'd like to see /NQ",5,1,4,1,1,"The candidate reply is grounded in the provided evidence but fails to resolve the customer's specific request for a plan change, instead incorrectly treating it as a feature request without requesting the necessary account details to assist.",True
74,nn,Hey there! Here's all the information you need to know about the US student discount + Hulu bundle: /TB,5,1,3,1,1,"The candidate reply is completely irrelevant to the customer's request for a specific album cover, providing information about a student discount instead.",True
75,nn,Hey there! We've just sent a DM your way. Let's carry on chatting there /RA,5,2,5,4,2,"While the reply is grounded in the provided evidence and maintains a friendly tone, it fails to address the customer's specific complaint about missing content, making it an irrelevant and unhelpful response compared to the reference which provided context.",True
76,nn,Hey Lauren! Sometimes content gets temporarily removed because of licensing changes. Hopefully we'll have it available again soon! /TF,5,1,4,1,1,"The candidate reply is completely irrelevant to the customer's question about international travel, instead addressing a non-existent issue regarding content removal.",True
77,nn,Hey there! We've just sent a DM your way. Let's carry on chatting there /RA,5,1,5,1,1,"The candidate reply is a generic deflection to DMs that fails to address the specific artist identity issue, whereas the reference and evidence provide the correct solution (contacting the distributor).",True
78,nn,"Hey! This isn't possible right now, but you can show your support for the idea on our Community: /NQ",5,5,5,5,5,"The candidate reply matches the reference intent and uses a valid link from the evidence, providing a correct, friendly, and actionable response.",True
79,nn,Hey Jose! We're here to help. Can you DM us your account's email address? We'll take a look under the hood /AN,5,5,5,5,5,"The candidate reply is identical to the first evidence item, correctly requests the necessary information to investigate the issue, and maintains a friendly, on-brand tone.",True
80,nn,Could you try reinstalling your browsers? We'll be right here for your reply /MT,5,1,4,2,1,"The reply is grounded in the provided evidence but is completely irrelevant to the customer's request to correct a typo in their bio, making it an incorrect and unhelpful response.",True
81,nn,Hey there! The cavalry's here. Can you DM us your account's email address or username? We'll take a look under the hood /KB,5,4,5,5,4,"The reply is grounded in the provided evidence and maintains a perfect on-brand tone with clear actionability, though it is slightly less specific than the reference reply which also requested a screenshot of the suspicious text.",True
82,nn,"Yup! If you have other questions, you know where to reach us /RA",5,1,4,1,1,The reply is a generic closing statement that completely fails to acknowledge the customer's specific feature request or provide the feedback acknowledgment present in the reference reply.,True
83,nn,Hey there! We've just sent you a bit more info over DM. We'll carry on helping out there /PB,5,1,5,1,1,"The candidate reply is a copy-paste of an unrelated evidence snippet that falsely claims information was already sent, failing to address the customer's request for a billing review.",True
84,nn,"Hey Dennis! What device and Spotify version are you using? Also, are you in Offline Mode or are you online using WiFi or 3/4G? /BH",5,1,4,1,1,"The candidate reply is completely irrelevant to the customer's feature request, asking for technical troubleshooting details instead of acknowledging the feedback or directing them to the community as the reference does.",True
85,nn,Hey there! We're launching in new countries as often as possible. Be sure to add your email at /Q,5,5,5,5,5,"The candidate reply matches the provided evidence and reference perfectly, offering the correct information, a clear call to action, and an appropriate friendly tone.",True
86,nn,Hi there! You can now change your profile picture without needing to connect your Spotify and Facebook accounts: /MA,5,1,3,1,1,"The candidate reply is completely irrelevant to the customer's complaint about unread feedback and discount eligibility, failing to address the actual issue despite using a valid snippet from the evidence.",True
87,nn,"Thanks for the feedback! Daily Mix is based on your music taste, so we’d love to know how it’s doing. We'll let the right folks know /SU",5,1,4,2,1,"The candidate reply is irrelevant to the customer's specific request to block an artist, as it discusses Daily Mix feedback instead of addressing the feature request or directing them to the community as the reference did.",True
88,nn,"Hey there, that's not cool! Here's some more info about it: If you need anything else, just give us a shout /PX",5,1,2,1,1,"The candidate reply is factually grounded in the provided evidence but is completely irrelevant to the customer's feature request, failing to provide the correct link or guidance found in the reference reply.",True
89,nn,"Hey there! Spotify is for personal use, so only one device can play at a time on a single account. Hope this clears things up /NS",5,1,4,1,1,"The candidate reply is completely irrelevant to the customer's question about song availability, addressing a device limitation issue instead.",True
90,nn,Hey Sharon! Could you send us a DM with your account's email address or username? We'll take a look backstage /CH,5,5,5,5,5,"The candidate reply is an exact match to the first piece of evidence provided, correctly requesting the necessary account details to proceed with the request in a friendly and concise manner.",True
91,nn,"Awesome! We're glad you're enjoying it now. If you ever need us with anything else, know that we're always... 🙂 /AR",5,1,4,1,1,"The candidate reply is completely irrelevant to the customer's feature request, failing to acknowledge the idea or provide the suggested next step of submitting it to the Community.",True
92,nn,"Hi Tomas! We don't have any info on this right now, but we'll let the right team know it's something you'd like to see /MT",5,5,5,4,5,"The candidate reply is identical to the first piece of evidence provided and matches the intent and content of the reference reply perfectly, offering a polite and accurate response to the customer's inquiry.",True
93,nn,"Hi, we've just replied to your DM. We'll carry on chatting there /SY",5,5,5,4,5,"The candidate reply is an exact match to the first piece of evidence provided, correctly directing the customer to the DM channel where the specific troubleshooting steps (found in the reference) are being handled.",True
94,nn,Hey Leah! Can you DM us your account's email address? We'll check things backstage and see what we can do /RI,5,1,5,4,1,"The candidate reply is a verbatim copy of an unrelated evidence snippet (addressed to 'Leah' regarding a PlayStation issue) and completely fails to address the customer's specific question about playlist song changes, making it irrelevant and incorrect.",True
95,nn,"Hey Alexandra, help's here! Can you tell us what's happening exactly? We'll see what we can suggest /CH",5,1,4,1,1,"The candidate reply is a generic troubleshooting opener that completely fails to address the customer's specific question about the Beta program, making it irrelevant and unhelpful despite being grounded in the provided evidence snippets.",True
96,nn,Can you try removing then readding Spotify from the Sonos website? Just follow the steps here: /CM,5,1,3,1,1,"The candidate reply is completely irrelevant to the customer's request about music availability, instead providing troubleshooting steps for a Sonos connection issue.",True
97,nn,"Hey Cyril, help's here! You can find more info about Spotify on Xbox One here: /BX",5,1,4,2,1,"The candidate reply is completely irrelevant to the customer's complaint about loading issues, instead providing a link for Xbox One information which does not address the current problem.",True
98,nn,Hey Autumn! What kind of music are you into? We'll see what we can whip up 🙂 /TB,5,1,5,1,1,The candidate copy-pasted an irrelevant template response about music preferences instead of addressing the reported website outage and playlist access issue.,True
99,nn,Hmm. Can you check if you can still see them by logging in to your account with a different device? /DR,5,2,4,3,2,"While the reply is grounded in the provided evidence and maintains a polite tone, it fails to address the critical issue of the account identity change (username becoming numbers) and does not request the necessary contact information (email) to investigate, unlike the reference reply.",True
100,nn,"Hi Rebekah, help's here! Could you DM us your account's email address? We'll take a closer look /JQ",5,2,5,4,2,"While the reply is grounded in the provided evidence and has a good tone, it fails to address the customer's specific question about username policies, instead pivoting to a generic request for account details which does not resolve the immediate confusion.",True
101,nn,1: Hey! That's odd. Can you send over a screenshot of what you see when you follow the steps at /CB,5,1,5,4,1,"Although the reply is grounded in the provided evidence and has a good tone, it is incorrect because it addresses a technical UI issue rather than the security concern of an unknown device, which the reference indicates should be handled via Ticketmaster.",True
102,nn,Hey there! Is this the one you're looking for: /FR,5,2,4,3,2,"The reply is grounded in the provided evidence and has a friendly tone, but it fails to address the customer's specific question about the album's availability, instead offering a potentially irrelevant link.",True
103,nn,Hey! That doesn't sound good. Could you DM us your account's email address or username? We'll take a look backstage /AU,5,5,5,5,5,"The candidate reply is an exact match to the first piece of evidence provided, ensuring it is grounded, correct, and appropriately toned for the platform.",True
104,nn,Hey! We... 💚 /JP,5,1,5,1,1,"The candidate reply is an incomplete fragment ('Hey! We...') that fails to address the customer's feature request or provide any useful information, making it unusable despite being grounded in the provided evidence.",True
105,nn,"Hey Scotty, what platform/device are you using the app on? Give a reinstall a go: /C",5,1,4,2,1,"The candidate reply is completely irrelevant to the customer's question about content availability, instead addressing a technical app issue not mentioned in the prompt.",True
106,nn,"Hey, help's here! Could you DM us your email address or the link to your Facebook profile? We'll do some digging 🔍 /JQ",5,1,5,2,1,"The candidate reply is a generic request for account details that completely ignores the customer's specific question about switching billing cycles, failing to provide the necessary information or resolution.",True
107,nn,"We hear you, Luis! Your feedback has been noted and passed onto the team. You can also share your thoughts here: /CO",5,5,5,4,5,"The candidate reply is identical to the first piece of evidence, correctly addressing the customer's feature request with a polite acknowledgment and a link to provide further feedback, which aligns perfectly with the intent of the reference reply.",True
108,nn,"Hey, sorry to hear that! Check the steps under “Downloads unexpectedly removed” at They should help with this /MA",5,4,5,4,4,"The reply is grounded in the provided evidence and matches the brand's friendly tone, but it is slightly less effective than the reference because it directs the user to a generic help article rather than offering immediate manual investigation via DM.",True
109,nn,We suggest deleting the previous tweet since it contains private info. Could you DM us instead? We'll carry on helping you there 🙂 /BX,5,4,5,5,5,"The reply is a verbatim match to the provided evidence, correctly prioritizing privacy by moving the conversation to DMs, which is a standard and appropriate first step for account-specific issues on Twitter.",True
110,nn,Hey there! Can you DM us your account's email address and a screenshot of any error messages you're seeing? We'll take a look /RB,5,4,5,5,4,"The reply is grounded in the provided evidence and uses an appropriate, friendly tone with clear next steps, though it requests a screenshot which may be less relevant than the specific app name requested in the reference reply.",True
111,nn,Hey there! We'd suggest getting in touch with our Brands team at Hope this helps /RS,5,1,3,1,1,"The candidate reply is completely irrelevant to the customer's request about personal usage data and playlists, incorrectly directing them to the 'Brands team' instead of acknowledging the feature request or pointing to the community voting link as the reference did.",True
112,nn,Hey! We've just sent a DM your way. Let's carry on chatting there /RV,5,5,5,5,5,"The candidate reply is an exact match to the first piece of evidence provided, correctly directing the user to DMs as per the reference behavior, with appropriate tone and clarity.",True
113,nn,Thanks for the info. Can you try using a different device to see if it does the same thing? We'd also suggest restarting your device /NY,5,1,4,4,1,"The candidate reply is completely irrelevant to the customer's expression of gratitude, as it provides troubleshooting steps for a technical issue that has already been resolved.",True
114,nn,We've just sent you a DM 🙂 /NG,5,5,5,5,5,"The candidate reply is an exact match to one of the provided evidence options, correctly addressing the customer's request to move the conversation to DMs with appropriate tone and actionability.",True
115,nn,"Hmm, that's odd. Can you DM us a screenshot of what you're seeing on your end? We'll see what else we can suggest /SU",5,4,5,5,4,"The reply is perfectly grounded in the provided evidence and maintains an excellent tone, but it is slightly less specific than the reference reply which correctly identifies the likely context (family plan) and asks for account details rather than just a screenshot.",True
116,nn,Hey! We still don't have any info on this right now. Just continue keeping an eye out for any updates /RB,5,4,4,3,4,"The reply is fully grounded in the provided evidence and correctly conveys the lack of information, though it is slightly less empathetic and actionable than the reference reply.",True
117,nn,"Hey Dana, help's arrived! Could you send us a DM with your account's email address and username? We'll take a look backstage /RV",5,5,5,5,5,"The candidate reply is an exact match to one of the provided evidence examples, correctly requesting the necessary account details to investigate the issue with an appropriate tone.",True
118,nn,Hey Syd! We hope you share your idea here: Thanks for the awesome feedback 💚 /JQ,5,4,4,4,4,"The reply is grounded in the provided evidence and correctly directs the user to share their idea, though it uses a different name ('Syd') than the reference ('Kristina') and lacks the specific 'sleep timer' context found in the reference, making it slightly less precise but still functional.",True
119,nn,"Hey Cameron, help's here! You can change the audio quality by following: Let us know how it goes 😁 /ND",5,1,4,1,1,The candidate reply is a verbatim copy of an irrelevant evidence snippet that addresses a different user (Cameron) and fails to provide the specific troubleshooting steps or diagnostic questions (device/version) required by the reference reply to resolve the audio distortion issue.,True
120,nn,"Hey Alexi! If your school isn’t listed, you won’t be eligible. But, you can request for it to be added at /MX",5,1,3,1,1,"The candidate reply is completely irrelevant to the customer's complaint about a long ad, instead addressing an unrelated issue about school eligibility.",True
121,nn,"Hey Janos! We don't offer official support for the version of the app for Linux, but you can find help here: /RS",5,1,4,2,1,The candidate reply is factually grounded in the provided evidence but is completely incorrect for the customer's context (desktop app loading issue vs. Linux support) and fails to address the actual problem or ask for necessary diagnostic details.,True
122,nn,Hey! Sometimes content is unavailable due to licensing matters. More info about this here: /JS,5,5,5,4,5,"The candidate reply is nearly identical to the reference, correctly addressing the licensing issue with a helpful link, maintaining a friendly tone, and providing a concrete next step.",True
123,nn,Thanks. We'll get this reported. Great detective work! /MT,5,2,5,2,2,"While the tone is excellent and the text is grounded in the provided evidence, the reply is incorrect because it treats a general availability inquiry as a specific bug report, failing to provide the content information link or request the necessary details (URI/country) to actually help the custome",True
124,nn,"Hey there, help's here! Could you DM us your account's email address and username? We'll take a look backstage 🙂 /CG",5,2,5,4,2,"The reply is grounded and friendly but fails to address the specific issue (account already identified as part of the plan) and ignores the reference's specific request for a screenshot, instead asking for redundant information.",True
125,nn,Can you DM us your account's username or email address? We'll take a look backstage /PL,5,4,5,5,4,"The reply is grounded in the provided evidence and offers a clear, actionable next step, though it is slightly less personalized and warm than the reference reply which acknowledged the specific DM interaction.",True
126,nn,Hi Lexi! Can you let us know the exact iOS and Spotify versions you're using? We'll see what we can suggest /PL,5,2,4,2,2,"The reply is grounded in the provided evidence and has a friendly tone, but it fails to address the customer's specific request for lyrics by asking for version numbers instead of providing the known solution (Musixmatch integration) found in the reference and other evidence.",True
127,nn,"Hey! Right now, we're afraid the Hulu bundle can't be combined with the Premium for Family plan. More info here: /NQ",5,1,4,2,1,"The candidate reply is grounded in the evidence but is incorrect because it assumes a specific issue (Hulu bundle) that the customer did not mention, whereas the reference reply correctly asks for clarification and account details to diagnose the problem.",True
128,nn,1: Hi there! We're afraid we don't have an app on the Apple Watch. We suggest checking out the official idea and add your vote...,5,5,5,5,5,"The candidate reply accurately reflects the evidence by stating there is no Apple Watch app and directing the user to the official idea page, matching the reference's intent and tone.",True
129,nn,Thanks for letting us know. Could you send us a DM with your account's email address or username? We'll take a look backstage /QI,5,1,5,2,1,"The candidate reply is a generic troubleshooting template that fails to address the specific policy question about gift cards, which the reference reply answers directly.",True
130,nn,"Hi! Can you let us know the artist of the track you're looking for? Also, what country is your Spotify account set to? We'll take a look /MC",5,1,4,1,1,"The candidate reply is completely irrelevant to the customer's question about a pricing promotion, instead asking for artist details unrelated to the issue.",True
131,nn,"Hey! You can access your artist profile with Spotify for Artists. If you don’t have access yet, request it at /CG",5,2,4,3,2,"While the reply is grounded in the provided evidence and has a friendly tone, it fails to correctly address the customer's specific request for playlist curation, which the reference indicates should be directed to Artist Services rather than general profile access.",True
132,nn,"Hi! Yes, don’t worry, we can help. What’s happening exactly? Can you let us know the device/OS you’re using? /DR",5,4,5,4,4,"The reply is grounded in the provided evidence and maintains a friendly tone, but it is less effective than the reference because it asks for device details instead of the account identifier needed to actually investigate the login issue.",True
133,nn,"Hey there! We can help out in English via Twitter, but we also have Indonesian support via email at /GK",5,5,5,5,5,"The candidate reply is identical to the provided evidence and matches the intent of the reference reply, offering the correct support channels with appropriate tone and clarity.",True
134,nn,Hey! Is your Spotify misbehaving? What device are you using? We'll help out /CO,5,2,5,2,2,"The reply is grounded and has the correct tone, but it fails to address the specific payment issue by asking for device information instead of the account details required to investigate the transaction.",True
135,nn,You're welcome! Give us a shout if you have any other questions 😁 /RK,5,2,5,2,2,"The reply is grounded and has the correct tone, but it is contextually incorrect because the customer's message is a dismissal/insult rather than a request for help, and the reference indicates the issue was already resolved, making a generic 'you're welcome' and offer for further help less appropri",True
136,nn,1: Hey Ron! Our Curation team are independent so there's no formal submission process. /JX,5,1,3,1,1,"The candidate reply is completely irrelevant to the customer's complaint about playlist changes, addressing a non-existent submission process instead of investigating the issue as the reference reply does.",True
137,nn,1: We have Indonesian support via email at but we can also help in English via Twitter. If you'd like...,5,4,3,2,2,"The reply is grounded in the provided evidence but is incomplete (truncated), lacks a specific contact link, and fails to address the customer's specific login issue, making it insufficient for resolution.",True
138,nn,Hey! Is your Spotify misbehaving? What device are you using? We'll help out /CO,5,2,5,3,2,"While the reply is grounded and friendly, it fails to address the customer's specific request to move to DMs or provide the necessary account details (email) required to resolve the payment issue, making it less effective than the reference.",True
139,nn,"No worries, if you ever need anything else, just shout and we'll come running 🏃 /DF",5,1,5,1,1,"The candidate reply is a generic closing statement that completely fails to address the customer's specific question about live sessions, unlike the reference reply which acknowledges the request and promises to pass it along.",True
140,nn,"Hi, help's here! Could you DM us your account's username and email address? We'll take a look backstage /JQ",5,2,5,4,2,"While the tone and groundedness are perfect, the reply fails to address the specific technical issue (removed downloads) mentioned in the reference, instead defaulting to a generic request for account details which does not resolve the customer's immediate problem.",True
141,nn,"Hi! Fingers crossed we'll be able to have it soon, but there's info about Spotify content here: /RB",5,2,4,2,2,"The reply is grounded in the provided evidence and has a friendly tone, but it fails to provide the specific workaround (Ctrl+A) found in the reference, instead offering a vague link that does not directly resolve the user's request for a method to combine playlists.",True
142,nn,"Hey there! We’re working on it, and we hope to have this podcast available for you /JP",5,1,4,1,1,"The candidate reply is grounded in the provided evidence but is factually incorrect for the customer's request, as it promises the podcast is being added rather than directing them to the submission resources as the reference reply does.",True
143,nn,Hey Phillip! Thanks for the nice idea. It's definitely something for the team to consider and we'll make sure it reaches them /BP,5,1,4,1,1,"The candidate reply is completely irrelevant to the customer's request to sign up for a family plan, treating it as a feature suggestion rather than a support inquiry, and fails to provide the necessary next steps found in the reference.",True
144,nn,"Hey there, we're here to help! Could you send us a DM with your account's email address and username? We'll take a look backstage /RV",5,5,5,5,5,"The candidate reply is an exact match to the first piece of evidence provided, ensuring it is grounded, correct, and perfectly aligned with the brand's tone and procedural requirements.",True
145,nn,Hmm. Can you check if you can still see them by logging in to your account with a different device? /DR,5,3,4,4,3,"The reply is grounded and actionable, but it deviates from the reference solution (requesting account details for investigation) by suggesting a troubleshooting step that may not resolve the issue or align with the brand's standard immediate response.",True
146,nn,Anytime! 🙂 /RH,5,1,5,1,1,The candidate reply is a generic closing phrase that completely ignores the customer's specific request about the #Reputation album and fails to provide the content information or link present in the reference reply.,True
147,nn,Hey Jakailyn! We've just sent you a bit more info over DM. We'll carry on helping out there /GN,5,5,5,5,5,"The candidate reply is an exact match to one of the provided evidence examples, correctly directing the customer to the DM channel where the specific account revert and refund details (from the reference) are being handled.",True
148,nn,"Hi Rosa, help's arrived! Could you DM us your account's username and email address? We'll do some digging 🔍 /JQ",5,5,5,5,5,"The candidate reply is an exact match to the provided evidence, correctly requests the necessary account details to investigate the billing issue, and maintains a friendly, on-brand tone.",True
149,nn,Hey Charlotte! That doesn't sound right. Can you DM us your account's email address or username? We'll take a look backstage /KM,5,5,5,5,5,"The candidate reply is an exact match to one of the provided evidence options, correctly addressing the billing issue with the appropriate tone and actionable next step.",True
150,nn,Hi there! We've just sent a DM your way. Let's carry on chatting there /AK,5,5,5,5,5,"The candidate reply is an exact match to one of the provided evidence options, correctly directing the user to DM for private account verification, which is the standard and safe procedure for handling billing inquiries on social media.",True
151,nn,"Hi Yolanda, we're here to help. Can you DM us your account's email address? We'll take a look /AC",5,5,5,5,5,"The candidate reply is identical to the first piece of evidence and aligns perfectly with the reference reply's intent to request account details for verification, making it accurate, grounded, and actionable.",True
152,nn,"Hey there! We don't have any info about it yet, but we're launching regularly in countries around the world: /MA",5,3,4,2,3,"The reply is grounded in the provided evidence and maintains a friendly tone, but it is less helpful than the reference because it fails to suggest listening to the singles while waiting for the full album.",True
153,nn,"Hey, that doesn't sound good! Did the app crash any time during the 30 minutes? That can cause the ad-free time to reset. Let us know /RV",5,5,5,4,5,"The candidate reply is nearly identical to the reference and evidence, correctly addressing the issue with appropriate tone and a clear next step.",True
154,nn,Hi Andrés! Could you send us a DM with your account's email address and username? We'll see what we can suggest /NJ,5,5,5,5,5,"The candidate reply is an exact match to the provided evidence, correctly requests the necessary account details to investigate the payment issue, and maintains a friendly, professional tone suitable for the platform.",True
155,nn,Got it! We can see how that’d be handy. It's definitely something for the team to consider and we'll make sure it reaches them //DF,5,1,4,1,1,"The candidate reply treats a technical bug report as a feature request, failing to ask for the necessary diagnostic information (Android/Spotify versions) required to resolve the issue, unlike the reference reply.",True
156,nn,Hey Cheryl! Can you tell us a little more about what's going on? What device and OS/versions of Spotify are you using? Let us know /TF,5,1,4,2,1,"The candidate reply is completely irrelevant to the customer's request to add music, instead asking for technical device details unrelated to the issue.",True
157,nn,Hey! We still don't have any info on this right now. Just continue keeping an eye out for any updates /RB,5,4,5,4,5,"The candidate reply is a verbatim match to the provided evidence, is factually grounded, maintains a friendly and concise tone, and provides a clear (albeit passive) next step, making it a safe and appropriate response for the platform.",True
158,nn,We can see how that’d be useful! We’d recommend suggesting it in our Community to get support from other fans: /WW,5,1,4,2,1,The candidate reply is completely irrelevant to the customer's clarification about the band 'Benediction' and incorrectly directs them to a community feature instead of addressing the misunderstanding or providing correct recommendations.,True
159,nn,Hey! We’re sorry to hear that. Check out for what to do next /NQ,5,5,5,5,5,"The candidate reply is nearly identical to the reference reply, correctly addressing the security issue with the appropriate empathetic tone and actionable link, despite a minor variation in the internal code suffix which does not impact the customer-facing quality.",True
0,canned,Sorry to hear that! Can you send us a DM with more details so we can take a closer look?,2,2,4,2,2,"The reply is polite but fails to address the specific technical issue (link not working) with any of the provided troubleshooting steps (incognito, network check) or the reference's verification question, instead asking for unnecessary DMs which is not supported by the evidence.",True
1,canned,Sorry to hear that! Can you send us a DM with more details so we can take a closer look?,2,2,4,3,2,"The candidate invents a troubleshooting step (asking for details to 'take a closer look') that contradicts the reference's intent to simply pass feedback to the product team, as the issue is a known design limitation rather than a technical error.",True
2,canned,Sorry to hear that! Can you send us a DM with more details so we can take a closer look?,2,2,4,3,2,"The candidate invents a process (asking the customer to DM details) that contradicts the reference and evidence, which indicate the brand proactively sends DMs to the customer.",True
3,canned,Sorry to hear that! Can you send us a DM with more details so we can take a closer look?,1,1,2,1,1,"The candidate reply is completely irrelevant to the customer's request for a playlist suggestion, invents a troubleshooting step (DM for details) not supported by the evidence or reference, and fails to address the actual issue.",True
4,canned,Sorry to hear that! Can you send us a DM with more details so we can take a closer look?,2,2,4,2,2,"The reply is ungrounded because it requests a DM (not supported by evidence) and fails to address the specific issue of content removal, instead of providing the relevant troubleshooting steps or explanation found in the reference.",True
5,canned,Sorry to hear that! Can you send us a DM with more details so we can take a closer look?,1,1,3,1,1,"The candidate reply is completely irrelevant to the customer's question about album availability, invents a request for DMs not supported by the evidence, and fails to provide the correct information or link found in the reference.",True
6,canned,Sorry to hear that! Can you send us a DM with more details so we can take a closer look?,4,3,5,4,4,"The reply is friendly and actionable, asking for details via DM which aligns with the evidence, though it misses the specific opportunity to ask for the song title and country as done in the reference.",True
7,canned,Sorry to hear that! Can you send us a DM with more details so we can take a closer look?,5,4,5,4,4,"The reply is grounded, friendly, and actionable, though it is slightly less specific than the reference by not explicitly requesting the account email/username.",True
8,canned,Sorry to hear that! Can you send us a DM with more details so we can take a closer look?,5,2,4,2,2,"The reply is grounded and polite but fails to provide the direct solution (link to update payment) found in the reference and evidence, instead unnecessarily asking for more details via DM.",True
9,canned,Sorry to hear that! Can you send us a DM with more details so we can take a closer look?,5,2,4,3,2,"The reply is grounded and polite but fails to address the likely service outage indicated by the reference reply, instead asking for unnecessary details that do not resolve the immediate issue.",True
10,canned,Sorry to hear that! Can you send us a DM with more details so we can take a closer look?,5,4,5,4,4,"The reply is friendly, grounded, and actionable, though it slightly deviates from the specific request for an email/username found in the reference by asking for 'more details' generally.",True
11,canned,Sorry to hear that! Can you send us a DM with more details so we can take a closer look?,2,1,3,2,1,"The candidate misinterprets a feature request as a technical bug, asking for irrelevant details (DM/screenshots) instead of acknowledging the feedback and passing it to the team as the reference does.",True
12,canned,Sorry to hear that! Can you send us a DM with more details so we can take a closer look?,2,2,4,3,2,"The reply is generic and fails to acknowledge the specific known issue (app update delay) or provide the reassurance present in the reference, instead asking for unnecessary details for a public product bug.",True
13,canned,Sorry to hear that! Can you send us a DM with more details so we can take a closer look?,2,2,4,2,2,"The reply is ungrounded because it asks for a DM (not in evidence) and fails to address the likely content availability issue indicated by the reference reply, making it an ineffective and potentially non-compliant response.",True
14,canned,Sorry to hear that! Can you send us a DM with more details so we can take a closer look?,1,1,2,1,1,"The reply is completely irrelevant to the question about release dates, invents a request for DMs not supported by the evidence, and fails to provide the actual information or link found in the reference.",True
15,canned,Sorry to hear that! Can you send us a DM with more details so we can take a closer look?,1,1,3,1,1,"The candidate invents a non-existent troubleshooting step (DM for details) for a content availability issue, failing to provide the correct information or link found in the evidence.",True
16,canned,Sorry to hear that! Can you send us a DM with more details so we can take a closer look?,2,2,4,3,2,"The candidate invents a policy of requiring DMs for details, which contradicts the reference reply's explicit offer to help 'here' (in the public thread), making it ungrounded and incorrect for the specific context.",True
17,canned,Sorry to hear that! Can you send us a DM with more details so we can take a closer look?,2,2,4,2,2,"The reply is ungrounded because it asks for a DM (not in evidence) and fails to provide the concrete troubleshooting step (restarting the computer) found in the reference, making it less effective for resolution.",True
18,canned,Sorry to hear that! Can you send us a DM with more details so we can take a closer look?,1,1,2,1,1,"The candidate reply is completely irrelevant to the customer's friendly comment about visiting India, invents a problem ('Sorry to hear that'), and fails to provide the correct response regarding new country launches and email sign-ups found in the evidence.",True
19,canned,Sorry to hear that! Can you send us a DM with more details so we can take a closer look?,5,4,5,4,4,"The reply is grounded, friendly, and correctly directs the user to DM for details, though it lacks the specific link or explicit clarification that the brand cannot initiate the DM, which is present in the reference.",True
20,canned,Sorry to hear that! Can you send us a DM with more details so we can take a closer look?,5,4,5,4,4,"The reply is friendly, grounded in the general need for account details found in the evidence, and actionable, though it is slightly less specific than the reference by not explicitly requesting the email or username.",True
21,canned,Sorry to hear that! Can you send us a DM with more details so we can take a closer look?,2,1,4,2,1,The reply is irrelevant to the customer's specific question about music licensing and fails to provide the promised update or link found in the reference.,True
22,canned,Sorry to hear that! Can you send us a DM with more details so we can take a closer look?,2,2,4,2,2,"The reply is ungrounded because it asks for a DM (not supported by evidence) and fails to provide the specific troubleshooting step (clearing cache) found in the reference, making it less effective than the standard response.",True
23,canned,Sorry to hear that! Can you send us a DM with more details so we can take a closer look?,5,2,4,2,2,"The reply is grounded and polite but fails to provide the specific troubleshooting steps or link referenced in the correct response, instead asking for unnecessary DMs which hinders resolution.",True
24,canned,Sorry to hear that! Can you send us a DM with more details so we can take a closer look?,1,1,3,2,1,"The candidate reply invents a request for a DM which is not supported by the evidence or reference, and fails to provide the standard reassurance and link that the reference reply correctly offers.",True
25,canned,Sorry to hear that! Can you send us a DM with more details so we can take a closer look?,5,3,5,2,3,"The reply is grounded and friendly but lacks the specific data points (current and new email addresses) required to resolve the issue, making it less actionable than the reference.",True
26,canned,Sorry to hear that! Can you send us a DM with more details so we can take a closer look?,2,2,4,2,2,"The candidate invents a request for a DM (not in evidence/reference) and fails to provide the specific 'Copy Link' instructions required to resolve the issue, making it less actionable and grounded than the reference.",True
27,canned,Sorry to hear that! Can you send us a DM with more details so we can take a closer look?,1,1,3,1,1,The candidate invents a request for DMs not found in the evidence and fails to provide the standard content policy link required by the reference and similar examples.,True
28,canned,Sorry to hear that! Can you send us a DM with more details so we can take a closer look?,4,3,4,3,3,"The reply is friendly and grounded in the general practice of moving to DMs, but it fails to request the specific identifier (email/username) required by the reference and evidence to actually resolve the cancellation request.",True
29,canned,Sorry to hear that! Can you send us a DM with more details so we can take a closer look?,1,1,3,1,1,"The reply is completely irrelevant to the customer's question about market availability, invents a non-existent troubleshooting process ('send us a DM'), and fails to provide the correct information regarding the launch timeline.",True
30,canned,Sorry to hear that! Can you send us a DM with more details so we can take a closer look?,4,3,4,2,3,"The reply is grounded and friendly but lacks the specific diagnostic question (error message/screenshot) found in the reference, making it less effective for resolving the login issue.",True
31,canned,Sorry to hear that! Can you send us a DM with more details so we can take a closer look?,5,3,4,2,3,"The reply is grounded and polite but fails to provide the specific, concrete next step (providing username/email) required by the reference and evidence, making it less actionable.",True
32,canned,Sorry to hear that! Can you send us a DM with more details so we can take a closer look?,2,2,4,2,2,"The candidate reply is factually incorrect because the reference confirms the DM has already been sent, whereas the candidate asks the customer to send a DM, creating a confusing and unhelpful loop.",True
33,canned,Sorry to hear that! Can you send us a DM with more details so we can take a closer look?,1,1,3,2,1,"The candidate invents a request for DMs and details that are not in the evidence or reference, failing to provide the correct content policy link required to address the customer's request for more music.",True
34,canned,Sorry to hear that! Can you send us a DM with more details so we can take a closer look?,5,3,4,2,3,"The reply is grounded and polite but fails to provide the specific, actionable next step (requesting username/email) required to resolve the issue, instead asking for vague 'more details'.",True
35,canned,Sorry to hear that! Can you send us a DM with more details so we can take a closer look?,4,3,4,3,3,"The reply is polite and grounded in general support practices, but it fails to address the specific technical context (Windows 7/DLLs) or request the specific diagnostic evidence (screenshot) that the reference reply prioritizes, making it less effective for resolving the immediate issue.",True
36,canned,Sorry to hear that! Can you send us a DM with more details so we can take a closer look?,5,1,4,2,1,"The reply is grounded and polite but fails to answer the customer's specific question about payment methods, instead asking for irrelevant details that do not resolve the issue.",True
37,canned,Sorry to hear that! Can you send us a DM with more details so we can take a closer look?,5,4,5,4,4,"The reply is grounded, friendly, and actionable, though it misses the specific licensing context provided in the reference and evidence, making it slightly less precise than ideal.",True
38,canned,Sorry to hear that! Can you send us a DM with more details so we can take a closer look?,1,1,3,1,1,"The candidate reply is completely irrelevant to the customer's feature request, invents a troubleshooting context ('Sorry to hear that') that does not exist, and fails to provide the voting link or acknowledgment present in the reference.",True
39,canned,Sorry to hear that! Can you send us a DM with more details so we can take a closer look?,2,2,4,2,2,"The candidate invents a request for a DM which is not supported by the evidence or reference, and fails to acknowledge the specific issue or provide the 'stay tuned' reassurance given in the reference.",True
