golden_id,customer_text,agent_intent,agent_confidence,agent_reply,agent_escalate,agent_reason,agent_rule_hits,agent_llm_escalate,agent_top_score,agent_evidence,majority_intent,logreg_intent,nn_reply,canned_reply,always_escalate,rules_escalate
0,Hey I tried taking up your annual subscription offer but can't find where to go ahead with it after tapping the link in the app. Can you help?,subscription_plan,0.97,"Hey! Tap the link, then choose “Annual” on the subscription screen. If you don’t see it, try an incognito window or clear cache and try again. Let us know if it works! /CB",True,"Best historical match 0.23 < 0.3; Intent 'subscription_plan' requires a human (account, money, or policy)",weak_evidence|intent_not_auto_handleable,False,0.2256,"Hey! We're afraid this isn't possible now, but we're taking on all feedback. About the Roku app, are you getting any error messages? /JP || Hey! Can you try signing up at using an incognito window? Let us know if it makes a difference /CB || Are you getting this issue only on 3G/4G, WiFi, or both? /SY",other,subscription_plan,"Hey! We're afraid this isn't possible now, but we're taking on all feedback. About the Roku app, are you getting any error messages? /JP",Sorry to hear that! Can you send us a DM with more details so we can take a closer look?,True,False
1,"this layout looks nice, but really isn’t friendly to left handed users.. my thumb isn’t long enough to hit play!",other,0.95,Thanks for the feedback! We’ll pass your note about left‑handed usability on to the team. Let us know if you need anything else. /NY,True,"Intent 'other' requires a human (account, money, or policy)",intent_not_auto_handleable,False,0.3195,"Sorry you feel that way. We'll be sure to pass your feedback about this on to the right team. Just give us a shout if you need more help /NY || That's odd. Can you send us a screenshot of what you're seeing on your end? We'll look into it /GS || Hmm, can you DM us your account's email address? We'll take a look backstage /MV",other,other,Sorry you feel that way. We'll be sure to pass your feedback about this on to the right team. Just give us a shout if you need more help /NY,Sorry to hear that! Can you send us a DM with more details so we can take a closer look?,True,False
2,"could care less, their page is a PR stunt. They ignore emails and messages also.",other,0.95,We’re sorry you’ve had a frustrating experience. We’ll look into this – please DM us with any details so we can help further.,True,"Best historical match 0.17 < 0.3; Intent 'other' requires a human (account, money, or policy); User expresses dissatisfaction and needs human follow‑up.",weak_evidence|intent_not_auto_handleable,True,0.1687,"Hi Max! You can help make it happen in the very near future by voting for a similar idea here: :) /UF || Hey, sorry for the delay. We've just sent a DM your way. Let's carry on chatting there /NY || We're glad to hear that! Feel free to send a message our way if you need us again /YM",other,other,Hi Max! You can help make it happen in the very near future by voting for a similar idea here: :) /UF,Sorry to hear that! Can you send us a DM with more details so we can take a closer look?,True,False
3,Hey put some vampire weekend on the steve harrington morning hair playlist please thanks,how_to_question,0.97,"Sure thing! Open the playlist, tap “Add Songs,” search for Vampire Weekend, and hit “Add.” Let us know if you need more help! 🎧",True,Best historical match 0.22 < 0.3,weak_evidence,False,0.2215,Hey there! You can find info on playlists here: /BB || We'd suggest listening to your favorite music as much as possible! Your recommendations will only get better /RP || Thanks. Can you reinstall the app on your PlayStation before trying one more time? Let us know how it goes /JU,other,library_playlist_issue,Hey there! You can find info on playlists here: /BB,Sorry to hear that! Can you send us a DM with more details so we can take a closer look?,True,False
4,put one step at a time back on spotify. now.,library_playlist_issue,0.9,Sorry to hear that! Please follow the “Downloads unexpectedly removed” steps here: https://support.spotify.com/us/article/downloads-unexpectedly-removed. Let us know if it helps!,True,Best historical match 0.25 < 0.3,weak_evidence,False,0.2498,"We're sorry to hear that. Can you try the steps here for us: Keep us posted /MV || Thanks for your feedback. We'll be sure to pass it on to the right team. Just to check, is the Search function now working on your end? /MA || Hey, sorry to hear that! Check out the steps under “Downloads unexpectedly removed” at They should help out /PB",other,content_availability,We're sorry to hear that. Can you try the steps here for us: Keep us posted /MV,Sorry to hear that! Can you send us a DM with more details so we can take a closer look?,True,False
5,Hi when are you adding Wanna One's 1-1=0 Nothing Without you album?,content_availability,0.97,Hey! That album isn’t on Spotify right now. We’ll pass your request along to the team. Thanks for the heads‑up! /MT,False,"User asks about availability of a specific album, matching content_availability intent.",,False,0.4086,"Thanks. We'll get this reported. Great detective work! /MT || Could you try reinstalling your browsers? We'll be right here for your reply /MT || Hey Glenn! Thanks for your interest! For more info on getting your podcast on Spotify, check out: /GS",other,content_availability,Thanks. We'll get this reported. Great detective work! /MT,Sorry to hear that! Can you send us a DM with more details so we can take a closer look?,True,False
6,Spotify doesn't have the new Sufjan Steven songs and I'm just like...,content_availability,0.96,We’re sorry the new Sufjan Stevens tracks aren’t available yet. New releases can take a bit to appear. We’ll pass your feedback along. Thanks for your patience!,False,"User reports missing new songs, matching content_availability intent; no account or billing info needed.",,False,0.3031,"Not all new songs appear under New Releases, but we'll make sure to pass on your feedback to the right folks /RB || We don't have any info on this right now, but we'll let the right team know it's something you'd like to see again /DD || Sorry to hear that. Could you DM us your username and email address? We'll take a look backstage 🔍 /JQ",other,other,"Not all new songs appear under New Releases, but we'll make sure to pass on your feedback to the right folks /RB",Sorry to hear that! Can you send us a DM with more details so we can take a closer look?,True,False
7,Why does Spotify not sync to Facebook anymore?,feature_request,0.92,Hey! Spotify no longer supports Facebook sync as we’ve shifted focus to other ways to share music. You can still share tracks directly from the app. Let us know if you need anything else!,False,"User asks about a removed feature, no account or billing info needed.",,False,0.3352,"No worries! Can you try the steps here for us: Let us know how it goes /RB || Hey there! What's happening exactly? We'll see what we can suggest /DF || Does this issue happen over 3G/4G, WiFi, or both? Can you try if using a different connection helps? Keep us posted /AR",other,other,No worries! Can you try the steps here for us: Let us know how it goes /RB,Sorry to hear that! Can you send us a DM with more details so we can take a closer look?,True,False
8,"Hello, can you please help? I have lost my debit card therefore cancelled it. And obviously my Spotify payment hasn't gone through how do I update the details when my new debit card comes through? Can I do it on the app?",billing_and_refund,0.99,Hey! You can update your card in the app: Settings → Account → View plan → Update payment method. Or use the web player’s account page. Let us know if you hit any snags!,True,"Intent 'billing_and_refund' requires a human (account, money, or policy)",intent_not_auto_handleable,False,0.3108,"Hey James! Can you DM us your account's email address and username? We'll take a look backstage /JX || Hi John! We're afraid we're not able to do that right now. However, you can update your payment info here: 🙂 /CG || Hey Dreeya! We've just sent you a bit more info over DM. We'll carry on helping out there /KB",other,billing_and_refund,Hey James! Can you DM us your account's email address and username? We'll take a look backstage /JX,Sorry to hear that! Can you send us a DM with more details so we can take a closer look?,True,False
9,Can't connect! Neither on Wi-Fi or Network data!,playback_issue,0.95,"Sorry you’re having trouble connecting. Please DM us your account email/username so we can investigate. If you haven’t already, try a clean reinstall of the app. /DD",False,"Issue can be handled with standard troubleshooting, no need for human escalation.",,False,0.4908,Thanks for the info. Best thing to try here is a clean reinstall. Just follow the exact steps at Keep us posted /RK || Thanks for trying. Can you DM us your account's email address or username? We'll see what else we can suggest /DD || Could you DM us your account's email address or username? We'll take a look under the hood /KB,other,other,Thanks for the info. Best thing to try here is a clean reinstall. Just follow the exact steps at Keep us posted /RK,Sorry to hear that! Can you send us a DM with more details so we can take a closer look?,True,False
10,my account got charged twice in 5 mins... whyyyy?,billing_and_refund,0.97,Hey! Sorry to hear that. Please DM us your account email and username so we can look into the double charge for you. 🙂,True,"Intent 'billing_and_refund' requires a human (account, money, or policy)",intent_not_auto_handleable,False,0.4572,"Hi! We've just sent you a DM 🙂 /AR || Hey Matilyn! We're afraid don't offer telephone support, but we can help via Twitter. Can you DM us your account's email address? /RA || Hey Adrion! Can you DM us your account's email address and username? We'll take a look backstage /SU",other,billing_and_refund,Hi! We've just sent you a DM 🙂 /AR,Sorry to hear that! Can you send us a DM with more details so we can take a closer look?,True,False
11,Really hope give us all the music facts about our 2017 music like they did a couple of years ago !!,other,0.97,"We love your enthusiasm! 🎶 While we don’t provide music facts on demand, feel free to explore artist bios and playlists on Spotify. Let us know if you need anything else!",True,"Best historical match 0.23 < 0.3; Intent 'other' requires a human (account, money, or policy)",weak_evidence|intent_not_auto_handleable,False,0.2336,"Yup! If you have other questions, you know where to reach us /RA || Hmm, that's odd. Just to make sure, are you getting an error message when playing the songs? A screenshot of it would come in handy too /MT || Can you send us a screenshot of how your app looks? We'll see what else we can suggest /LM",other,other,"Yup! If you have other questions, you know where to reach us /RA",Sorry to hear that! Can you send us a DM with more details so we can take a closer look?,True,False
12,It’s been 10 days since the iPhone X released and still hasn’t updated its app to support the screen size. C’mon man.,feature_request,0.97,"Hey! We hear you – app updates for new devices are on our roadmap. Thanks for the heads‑up, we’ll pass this along to the team. /KB",True,Best historical match 0.22 < 0.3,weak_evidence,False,0.2168,"Hey Stefanie! Just to check, do you usually listen to music that isn't on your Discover Weekly/listen in a private session? Let us know /ND || Hi there! Can you DM us your account's email address or username? We'll take a look backstage /NQ || Hey! Thanks for the feedback – we appreciate it 🙂 Don't worry, we’ll get this passed onto the right team /KB",other,app_bug,"Hey Stefanie! Just to check, do you usually listen to music that isn't on your Discover Weekly/listen in a private session? Let us know /ND",Sorry to hear that! Can you send us a DM with more details so we can take a closer look?,True,False
13,"hi i live in the USA and theres a song on Seventeen’s new album that is listed but wont play. i, along with everyone else, is unable to listen to the song. please advise.",content_availability,0.97,"Hi! If a track is listed but won’t play, it’s often due to regional licensing. It may become available soon. Try again later or check for app updates. Thanks for your patience! /GK",True,Best historical match 0.21 < 0.3,weak_evidence,False,0.2141,"Hi Josue! That doesn't sound good. What Spotify version are you using? Is this happening to a specific song, album, or artist only? /AU || Hi there! We’ll have it available to you as soon as it’s available to us. /GK || Hey, help's here! Can you let us know the device, operating system, and Spotify version you're using? We'll see what we can suggest /GK",other,content_availability,"Hi Josue! That doesn't sound good. What Spotify version are you using? Is this happening to a specific song, album, or artist only? /AU",Sorry to hear that! Can you send us a DM with more details so we can take a closer look?,True,False
14,hi just wanted to ask when will Perfect Velvet come out on Spotify?,content_availability,0.97,Hey! We don’t have a release date for Perfect Velvet right now. Keep an eye on the app for updates—new music shows up as soon as it’s available. 🎶,False,"User asks about a release date, fitting content_availability; can be answered with a standard friendly reply.",,False,0.4985,Hi there! Can you let us know which country your account is set to? We'll take a look backstage /GT || We sure do... /DF || No worries. Feel free to tweet us if there's anything else. /GK,other,other,Hi there! Can you let us know which country your account is set to? We'll take a look backstage /GT,Sorry to hear that! Can you send us a DM with more details so we can take a closer look?,True,False
15,WHY IS POST MALONE’S NEW ALBUM NOT ON SPOTIFY YET???????,content_availability,0.97,Hey! We’re waiting on the label to add the album. Keep an eye out – it’ll appear as soon as it’s available to us. 🎧,False,"User asks about missing album availability, matching content_availability intent.",,False,0.4552,"Hey there, help's here! What device, operating system, and Spotify version are you using? We'll see what we can suggest /NG || Hey! Fingers crossed we'll be able to have them soon, but there's info about Spotify content here: /MG || Hi there! We’ll have it available to you as soon as it’s available to us. /GK",other,content_availability,"Hey there, help's here! What device, operating system, and Spotify version are you using? We'll see what we can suggest /NG",Sorry to hear that! Can you send us a DM with more details so we can take a closer look?,True,False
16,Why doesn’t have a help number?!?,other,0.97,"We’re here to help right on Twitter and in the app—no phone line, but our support team is ready to assist you there! 😊",True,"Intent 'other' requires a human (account, money, or policy)",intent_not_auto_handleable,False,0.839,"Got it. How about doing a reinstall? Just follow the steps at Let us know how it goes /JM || Hmm. Can you try logging out of Spotify, restarting your device, and logging back in to see if that makes any difference? /NY || Hey! We've just sent you a DM 🙂 /RV",other,other,Got it. How about doing a reinstall? Just follow the steps at Let us know how it goes /JM,Sorry to hear that! Can you send us a DM with more details so we can take a closer look?,True,False
17,Hi! Continual beeping happens when I go into Windows Desktop App so can't listen to music.When I try&uninstall it won't let me,app_bug,0.96,"Sorry about the beeping! Can you share your Windows version and Spotify app version? Try reinstalling the desktop app (remove via Settings > Apps, then download the latest installer). Let us know if it helps. /TF",False,Issue is a typical app bug that can be addressed with troubleshooting steps.,,False,0.3737,Thanks! Can you tell us which version of Windows as well as which version of Spotify you're using? Keep us posted /TF || Great! Glad to hear it's working. Just let us know if we can help with anything else. /DF || Hey Caroline! Sorry to hear about what happened to your account. Check out for what to do next /MA,other,app_bug,Thanks! Can you tell us which version of Windows as well as which version of Spotify you're using? Keep us posted /TF,Sorry to hear that! Can you send us a DM with more details so we can take a closer look?,True,False
18,"Hey I see you're in Indonesia and Singapore.... India is just a couple of hours away, come visit, you'll like it here.. 🙂",other,0.99,Thanks for the love! We’re always working on expanding to new places—stay tuned for updates. 🙏,True,"Best historical match 0.28 < 0.3; Intent 'other' requires a human (account, money, or policy)",weak_evidence|intent_not_auto_handleable,False,0.2787,"Hi! We're launching in new countries as often as possible. Be sure to add your email at to stay in the loop /WW || Hey Ashwin! We're launching in new countries as often as possible. Be sure to add your email at /MX || Hi there! Fingers crossed we'll be able to have it soon, but there's info about Spotify content here: /JM",other,other,Hi! We're launching in new countries as often as possible. Be sure to add your email at to stay in the loop /WW,Sorry to hear that! Can you send us a DM with more details so we can take a closer look?,True,False
19,super ridiculous that I have to make a twitter account to tech support. please DM asap in regards to an account that no longer should be being billed,billing_and_refund,0.98,We get it—let’s sort this out fast. Please DM us your account email & username so we can review the billing issue. Thanks!,True,"Customer explicitly asked for a human; Intent 'billing_and_refund' requires a human (account, money, or policy)",human_requested|intent_not_auto_handleable,False,0.3184,"Hey Trav, help's here! Can you DM us your account's email address and username as well as some details about what's happening? /MQ || We understand. Don't worry, we'll get this fixed. Just send us a DM by clicking on the link that we've sent earlier. We'll be waiting /CH || Hey! We’re sorry to hear that. Check out for what to do next /NQ",other,other,"Hey Trav, help's here! Can you DM us your account's email address and username as well as some details about what's happening? /MQ",Sorry to hear that! Can you send us a DM with more details so we can take a closer look?,True,True
20,why did you bump me off my family account. I live with my family I am just on vacation. Put me back please,subscription_plan,0.96,"Hey! Family plans require members to share the same address. If you’re temporarily away, you can stay on the plan, but we’ll need to verify your address. Please DM us your username & email so we can help. /AR",True,"Intent 'subscription_plan' requires a human (account, money, or policy)",intent_not_auto_handleable,False,0.314,"Hey there! Currently, all members of a Premium for Family plan must reside at the same physical address. Hope this clears things up /AR || 1: Hey! Thanks for sharing your thoughts about this. Currently, all members of a Premium for Family plan must... /KB || No worries, we've got some other things we can try. Could you DM us with your account's username and email address? We'll be ready /TB",other,subscription_plan,"Hey there! Currently, all members of a Premium for Family plan must reside at the same physical address. Hope this clears things up /AR",Sorry to hear that! Can you send us a DM with more details so we can take a closer look?,True,False
21,if I’m paying $10.68/month can y’all at least get the rights to Lemonade,content_availability,0.98,Hey! We’re still working on getting Lemonade added. Hang tight – we’ll let you know when it’s available. Thanks for your patience!,False,"User asks about song availability, no account or billing info needed.",,False,0.3331,"Hey! We're working on it, and we hope to have it available soon. There's more info here: /AR || Hi. We don't have telephone support, but we'll look into this. Can you send us your daughter's email address or username via DM? /DR || Hi there! We've just sent you a bit more info over DM. We'll carry on helping out there /CO",other,billing_and_refund,"Hey! We're working on it, and we hope to have it available soon. There's more info here: /AR",Sorry to hear that! Can you send us a DM with more details so we can take a closer look?,True,False
22,"The Spotify web player is not working in Google Chrome. Sends me to a ""Bad Request"" page.",app_bug,0.98,"Hey! A “Bad Request” often means a cache/cookie hiccup. Try clearing Chrome’s cache or open an incognito window, then reload spotify.com. Let us know if it’s still acting up!",False,"User needs troubleshooting, no account or billing info required.",,False,0.3637,"Hey Amy! What's happening exactly? Can you tell us what device and operating system are you using? We'll lend a hand /SY || Gald to hear! If you ever need anything else, just shout and we'll come running 🏃 /KL || Hey there! What's happening exactly? We'll see what we can suggest /DF",other,app_bug,Hey Amy! What's happening exactly? Can you tell us what device and operating system are you using? We'll lend a hand /SY,Sorry to hear that! Can you send us a DM with more details so we can take a closer look?,True,False
23,"why do my downloaded albums keep being undownloaded? Samsung S7, upto date Android.",library_playlist_issue,0.94,"Hey! Try clearing some space and make sure Spotify can run in the background. Also, tap Settings → Music → Download quality and re‑download the albums. Let us know if it helps! /RC",False,"Issue can be resolved with troubleshooting steps, no account or billing info needed.",,False,0.3946,"Thanks! Can you tell us if this happens to all tracks that you listen to, or just some album in particular? We'll check things out /CH || Hey there! Can you let us know the Android and Spotify versions you're running? We'll see what we can suggest /RC || Thanks! Can you try opening this for us: Are you able to view the tracks? /NY",other,library_playlist_issue,"Thanks! Can you tell us if this happens to all tracks that you listen to, or just some album in particular? We'll check things out /CH",Sorry to hear that! Can you send us a DM with more details so we can take a closer look?,True,False
24,They add Cakes new album on Spotify but a bitch still waiting on Beyoncé’s lemonade album come on,content_availability,0.95,Hey! We’re still working on getting Beyoncé’s Lemonade on Spotify. Thanks for your patience—stay tuned for updates!,False,"User asks about missing album availability, matching content_availability intent.",,False,0.4476,"Hey Elle! We're working on it, and we hope to have it available soon. There's more info here: /RV || Hey! We're working on it, and we hope to have it available soon. There's more info here: /JQ || Hi there! We’ll have it available to you as soon as it’s available to us. /GK",other,content_availability,"Hey Elle! We're working on it, and we hope to have it available soon. There's more info here: /RV",Sorry to hear that! Can you send us a DM with more details so we can take a closer look?,True,False
25,"I am trying to add information to my account. But when I press save changes, it gives me a warning that my email is already in use and doesn't save the changes.",account_access,0.94,Sorry you’re seeing that error! Please DM us the email you’re trying to use so we can check it for you. /DM,True,"Best historical match 0.21 < 0.3; Intent 'account_access' requires a human (account, money, or policy); Updating account email may require secure verification, so a human should handle it.",weak_evidence|intent_not_auto_handleable,True,0.2125,"Hey Kieron, help's here! Could you try inviting them using an incognito window? Keep us posted /ND || Yup! Just send it to us via the DM link we gave earlier. We'll be waiting /GS || Best thing to try here is a reinstall. Just follow the steps at /MU",other,other,"Hey Kieron, help's here! Could you try inviting them using an incognito window? Keep us posted /ND",Sorry to hear that! Can you send us a DM with more details so we can take a closer look?,True,False
26,loving the new album but Low Key and Loose Change are cut short on . Anyway you can contact ?,playback_issue,0.95,"Sorry to hear the tracks are cutting off! Try restarting the app or checking your connection. If it persists, let us know via the Help Center so we can dig deeper. 🎧",True,Best historical match 0.29 < 0.3,weak_evidence,False,0.2936,"Hi there! We’ll have it available to you as soon as it’s available to us. /GK || Hey Lenz! We’d love to have all of their stuff available, but we have some info about content here: /VK || Hey there! Music availability all boils down to licensing agreements. We have more info here: /LM",other,content_availability,Hi there! We’ll have it available to you as soon as it’s available to us. /GK,Sorry to hear that! Can you send us a DM with more details so we can take a closer look?,True,False
27,why is acid rap not on ??? 🙃 lil chano pls,content_availability,0.97,Hey! Acid Rap isn’t on Spotify right now due to licensing. We’ll share any updates when it becomes available. Thanks for the love! 🎧,False,"User asks why a specific album isn’t available, matching content_availability intent.",,False,0.8128,"Hey Carlo! We’ve got some info about mixtapes here: /DV || Hi Shelby! Fingers crossed we'll be able to have it soon, but there's info about Spotify content here: /LP || Hi Conor. We’d love to have all of his stuff available, but we have some info about content here: /ME",other,other,Hey Carlo! We’ve got some info about mixtapes here: /DV,Sorry to hear that! Can you send us a DM with more details so we can take a closer look?,True,False
28,how do i cancel my spotify?,how_to_question,0.97,Sure thing! Open Settings → Account → Your Plan and tap “Cancel Premium.” Follow the prompts and you’ll be all set. Need more help? DM us!,False,"User asks how to cancel, a straightforward how‑to question.",,False,0.8563,"Hi there! We've just sent a DM your way. Let's carry on chatting there /FR || Hey Em, that's no fun. Can you DM us your account's email address or username? We'll take a look backstage /JE || Hey Sam! Thanks for the feedback - we'll pass it on. If there's anything else, just let us know /AP",other,subscription_plan,Hi there! We've just sent a DM your way. Let's carry on chatting there /FR,Sorry to hear that! Can you send us a DM with more details so we can take a closer look?,True,False
29,"When will you step up and be available in Serbia, I’m trying to catch up with BTS.",content_availability,0.98,"Hey! We’re working on expanding to more countries, including Serbia. Keep an eye on our announcements— we’ll let you know when it’s available. Thanks for your patience!",False,"No human needed; request is about regional availability, which can be answered with a standard response.",,False,0.3009,"Hi Daniel. Don't worry, help's here. Can you tell us what device, operating system, and exact app version you're using? /JU || Hi there! We’ll have it available to you as soon as it’s available to us! /HC || Hey Jiminie! What device, operating system, and Spotify version are you using? Screenshots of what's happening would be helpful, too /JE",other,other,"Hi Daniel. Don't worry, help's here. Can you tell us what device, operating system, and exact app version you're using? /JU",Sorry to hear that! Can you send us a DM with more details so we can take a closer look?,True,False
30,"Hi, I am unable to login on the web player! I am on Chrome and I have mac os high sierra :(",account_access,0.97,"Sorry you’re stuck! Try logging out of the web player, then log back in. If that doesn’t work, restart Chrome or your Mac and give it another go. Let us know if it persists. /MA",True,"Intent 'account_access' requires a human (account, money, or policy)",intent_not_auto_handleable,False,0.4177,Can you try logging out and back in again? You can also try restarting your device to see if it helps /MA || Thanks. Could you send us a DM with your account's email/username and the link to the page? We'll take a look backstage /AY || Thanks! Could you try restarting your device and see if that'll make a difference? Keep us in the loop /JM,other,app_bug,Can you try logging out and back in again? You can also try restarting your device to see if it helps /MA,Sorry to hear that! Can you send us a DM with more details so we can take a closer look?,True,False
31,"Hey and , why did you cancel my Hulu premium student subscription through Spotify? I no longer have access to Hulu through my Spotify account!",subscription_plan,0.96,Hey! Sorry to hear that. Please DM us your account email/username so we can check why the Hulu bundle was removed and get it sorted. Thanks!,True,"Intent 'subscription_plan' requires a human (account, money, or policy)",intent_not_auto_handleable,False,0.5193,"Hi there! Can you DM us your account's email address or username? We'll see what we can suggest /NQ || Hey there! If you're currently on the student discount, just head to to redeem the Hulu bundle. Hope this helps /LM || Hey there! We'll help out. Can you DM us your account's email address? We'll take a look under the hood /AN",other,subscription_plan,Hi there! Can you DM us your account's email address or username? We'll see what we can suggest /NQ,Sorry to hear that! Can you send us a DM with more details so we can take a closer look?,True,False
32,it’s been three days....still haven’t answered DMs,account_access,0.92,Sorry for the delay! We’ve just DM’d you with a follow‑up. Please check your inbox and let us know if you need anything else. /DR,True,"Intent 'account_access' requires a human (account, money, or policy); The user is awaiting a DM response about their account, requiring a human follow‑up.",intent_not_auto_handleable,True,0.6361,We're here now! Could you DM us any usernames or email addresses you might've used for Spotify? We'll check things out /GU || We've just sent you a bit more info over DM. We'll carry on helping out there /DR || Hi there! We've just sent you a bit more info over DM. We'll carry on helping out there /MG,other,other,We're here now! Could you DM us any usernames or email addresses you might've used for Spotify? We'll check things out /GU,Sorry to hear that! Can you send us a DM with more details so we can take a closer look?,True,False
33,get more ben fankhauser stuff,content_availability,0.98,"We’d love to bring more Ben Fankhauser tracks to Spotify! Our catalog decisions are based on licensing, but you can check the content info here: /DF 🙂",True,Best historical match 0.21 < 0.3,weak_evidence,False,0.2133,"Not a problem! If you need anything else, let us know 🙂 /RA || Hey! We’d love to have all of their stuff available, but we have some info about content here: /DF || Got it. Does logging out > restarting your phone > logging back in to your account make a difference? /DV",other,other,"Not a problem! If you need anything else, let us know 🙂 /RA",Sorry to hear that! Can you send us a DM with more details so we can take a closer look?,True,False
34,"yo, I’ve closed the app, restarted my phone, even logged out but old mate in the red keeps popping up. All details are correct because I went, checked & fixed it up. Also thE photos where taken within ten minutes of each other. I had to crop cause personal details.",app_bug,0.45,"Hey! Sorry you’re seeing that error. Try reinstalling the app and clearing its cache. If it’s still there, DM us your account email so we can look deeper. 🙂",True,Best historical match 0.22 < 0.3; The request is vague and may involve account details; human follow‑up is needed.,weak_evidence,True,0.216,Got it. Can you DM us your account's username or email address? We'll check backstage /AP || Best thing to try here is a reinstall. Just follow the steps at /MU || Cool! Glad to hear it's working now. Just give us a shout if you need help with anything else. We're just a tweet away 🙂 /LM,other,other,Got it. Can you DM us your account's username or email address? We'll check backstage /AP,Sorry to hear that! Can you send us a DM with more details so we can take a closer look?,True,False
35,"got a Spotify update today on Windows 7, now the client doesn't open. Missing DLLs. CANT UNINSTALL. Reinstalling didn't solve. I'M SO MUCH TRIGGERED",app_bug,0.97,"Hey! Sorry the update caused issues. Try running the installer as admin and reinstall the Visual C++ Redistributable, then restart. If it persists, DM us your Windows version and we’ll dig deeper.",True,Best historical match 0.22 < 0.3,weak_evidence,False,0.2248,"Hey Leo! Help's here. Can you DM us your account's email address or username? We'll take a look backstage /DD || Hey! We still don't have any info on this right now. Just continue keeping an eye out for any updates /RB || Yes, that'll be fine. We'll be waiting for your update /SJ",other,app_bug,Hey Leo! Help's here. Can you DM us your account's email address or username? We'll take a look backstage /DD,Sorry to hear that! Can you send us a DM with more details so we can take a closer look?,True,False
36,How can I purchase the $99 yearly sub with gift cards?,billing_and_refund,0.99,"Hey! To use a gift card for the $99 yearly Premium, DM us your account email/username and a photo of the card or error you’re seeing. We’ll help you get it set up!",True,"Intent 'billing_and_refund' requires a human (account, money, or policy)",intent_not_auto_handleable,False,0.3558,"Hey Brian! Can you DM us your account's email address or username? We'll check backstage /AR || Hey there! Can you DM us your account's email address and a screenshot of any errors you're seeing? /RB || Hey there! You can get Spotify Premium at After that, you'll be able to download songs for offline listening /RB",other,billing_and_refund,Hey Brian! Can you DM us your account's email address or username? We'll check backstage /AR,Sorry to hear that! Can you send us a DM with more details so we can take a closer look?,True,False
37,how long does it take you to get a new song on?? This is frustrating been with you since 2013 and getting bored of this 😴 #boame,content_availability,0.93,"Hey! New releases roll out to Spotify as soon as they’re available from the label, usually within a few days. Thanks for being with us since 2013! 🎧",True,Best historical match 0.23 < 0.3,weak_evidence,False,0.2253,"Hey Kayleigh! It shouldn't take long. Can you DM us the email address you used to contact us? We'll take a look under the hood /MV || 1: Sorry for the delay! If you've already reached out to us through the contact form, DM us your email address and we'll chase it up. If... || No worries! Can you try the steps here for us: Let us know how it goes /RB",other,other,Hey Kayleigh! It shouldn't take long. Can you DM us the email address you used to contact us? We'll take a look under the hood /MV,Sorry to hear that! Can you send us a DM with more details so we can take a closer look?,True,False
38,You guys should collab with to make a snap filter that displays what song the device is currently streaming on #Spotify,feature_request,0.99,Great idea! We'll pass your suggestion along to the team. Thanks for the creative input! 🎧,True,Best historical match 0.22 < 0.3,weak_evidence,False,0.2217,"Alright. Could you try downloading and installing the desktop app at and see if the issue persists? /LM || Hey there! Is your app misbehaving? If so, can you tell us what's happening exactly? We'll lend a hand /RH || Hi Bert, that's odd! Does logging out, restarting your phone, and logging back in help? Keep us posted /GT",other,content_availability,Alright. Could you try downloading and installing the desktop app at and see if the issue persists? /LM,Sorry to hear that! Can you send us a DM with more details so we can take a closer look?,True,False
39,you really released a new update but didn’t update your app for iPhone X? Apple Music sounding better and better all the time 💁🏻‍♂️💁🏻‍♂️💁🏻‍♂️,app_bug,0.96,"Sorry for the hassle! We're aware of issues on newer iPhones. Could you DM us your iPhone X model, iOS version, and Spotify app version? We'll look into it ASAP. /CH",False,User reports a potential app bug on iPhone X; can be handled with standard troubleshooting.,,False,0.3046,"Hey! We still don't have any info on this right now. Just continue keeping an eye out for any updates /RB || Thanks for the info. In this case, just head to Your Library > Settings > Playback, and then disable ""Play Feedback Sounds"" /LM || Hey Jean! Help's arrived. Can you tell us what device, operating system, and Spotify version you're using? We'll see what we can suggest /CH",other,app_bug,Hey! We still don't have any info on this right now. Just continue keeping an eye out for any updates /RB,Sorry to hear that! Can you send us a DM with more details so we can take a closer look?,True,False
40,hello please bring back my babies album(s) back online so i can hear them sing thank you,content_availability,0.97,"We get it—missing music is frustrating. While we can’t guarantee a return, we’ll pass your request to the team. Thanks for sharing! 🎧",True,"Draft promises money, timing, or a guarantee the brand never makes",forbidden_promise,False,0.3165,Hey there! We have more info about this here: Give us a shout if you have any questions /GK || We hear you 🎧 We can’t make any promises but we’ll pass your feedback onto the right folks /NJ || Thanks. We'll get this reported. Great detective work! /MT,other,feature_request,Hey there! We have more info about this here: Give us a shout if you have any questions /GK,Sorry to hear that! Can you send us a DM with more details so we can take a closer look?,True,False
41,Where do I get the code for the presale??,other,0.97,Hey! Presale codes are sent via email to select fans of the artist. Keep an eye on your inbox – that’s where you’ll find it if you’re eligible. 🎶,True,"Intent 'other' requires a human (account, money, or policy)",intent_not_auto_handleable,False,0.4049,"Hey Tiffany! Pre-sale codes are being sent out by email to some of First Aid Kit's biggest fans on Spotify. Hopefully you're one of them /SJ || Hey Delia, pre-sale codes are being sent out by email to some of Majid Jordan's biggest fans on Spotify. Hopefully you're one of them! /TF || Hi Nate! Pre-sale codes are being sent out by email to some of Majid Jordan's biggest fans on Spotify. Hopefully you're one of them /DV",other,other,Hey Tiffany! Pre-sale codes are being sent out by email to some of First Aid Kit's biggest fans on Spotify. Hopefully you're one of them /SJ,Sorry to hear that! Can you send us a DM with more details so we can take a closer look?,True,False
42,I have an artist issue. DM me plz & thnx :(,other,0.85,Hey! We’d love to help. Please DM us with your account details so we can look into the artist issue you’re experiencing. 😊,True,"Customer explicitly asked for a human; Intent 'other' requires a human (account, money, or policy); The request is vague and requires private info; a human should handle via DM.",human_requested|intent_not_auto_handleable,True,0.4191,"Hey, help's here! What's happening exactly? Can you DM us your account's username or email address? We'll take a look under the hood /RS || Hey there! We've just replied to your DM. We'll carry on helping there /JX || Sure thing! You can send us a DM anytime. You can click the button under this tweet to do so 🙂 /BH",other,content_availability,"Hey, help's here! What's happening exactly? Can you DM us your account's username or email address? We'll take a look under the hood /RS",Sorry to hear that! Can you send us a DM with more details so we can take a closer look?,True,True
43,deleted my music library🙃,library_playlist_issue,0.97,Hey! Sorry to hear your library disappeared. Please check the “Downloads unexpectedly removed” guide in our Help Center—it walks you through restoring your music. Let us know if it helps! /SV,True,Best historical match 0.26 < 0.3,weak_evidence,False,0.2551,"Hi! We're afraid we don't offer phone support. Can you DM is your account's username and email address? We'll be happy to help /SV || Hey, sorry to hear that! Check out the steps under “Downloads unexpectedly removed” at They should help out /PB || Hey there! To keep Discover Weekly fresh, keep listening to more of your favourite tunes. This will mix things up /AR",other,library_playlist_issue,Hi! We're afraid we don't offer phone support. Can you DM is your account's username and email address? We'll be happy to help /SV,Sorry to hear that! Can you send us a DM with more details so we can take a closer look?,True,False
44,I need to send you a message regarding the charges to me.,billing_and_refund,0.97,Sure thing! Please check your DMs—we’ve sent a secure message to help sort out the charges. Let us know any details there. /MC,True,"Intent 'billing_and_refund' requires a human (account, money, or policy)",intent_not_auto_handleable,False,0.5484,"Let's continue chatting via DM. We'll help out there /RA || Hi there! We've just replied to your DM. Check it out. We'll carry on helping you there /MC || Hey, help's here! What's happening exactly? Can you DM us your account's email address or username? We'll check backstage /AR",other,other,Let's continue chatting via DM. We'll help out there /RA,Sorry to hear that! Can you send us a DM with more details so we can take a closer look?,True,False
45,"dear , please make a way for me to block taylor swift. #ruinedplaylists",feature_request,0.98,"Hey! We don’t have a way to block specific artists right now, but we’ve passed your suggestion along to the team. Thanks for the feedback!",False,User requests a feature that isn’t available; can be handled with standard response.,,False,0.3352,"Hi Jody! We're afraid this isn't possible right now, but you can show your support for the idea here: /AU || Hey there! Is this the one you're looking for: /FR || We hear you loud and clear. Rest assured, your feedback will be passed on to the right folks /JI",other,other,"Hi Jody! We're afraid this isn't possible right now, but you can show your support for the idea here: /AU",Sorry to hear that! Can you send us a DM with more details so we can take a closer look?,True,False
46,"is spotify programmed to turn on and start playing the same time everyday, because mine seems to do that",how_to_question,0.95,"Hey! Spotify doesn’t have a built‑in daily auto‑play timer. If it’s starting on its own, it might be a device alarm or a third‑party shortcut. Check your phone’s settings or any automation apps. /LM",True,Best historical match 0.29 < 0.3,weak_evidence,False,0.2892,"Hey there! Can you let us know what device, OS, and Spotify version you're running? Also, are you getting any specific error messages? /LM || Hey there! That's not cool. What device, operating system, and Spotify version are you using? We'll see what we can suggest /MV || Hi there. We're sorry you feel that way. Can you let us know what device, OS, and Spotify version you're running? /LM",other,playback_issue,"Hey there! Can you let us know what device, OS, and Spotify version you're running? Also, are you getting any specific error messages? /LM",Sorry to hear that! Can you send us a DM with more details so we can take a closer look?,True,False
47,"Hi, I made a mistake. I meant to upgrade from single premium to family premium and I was charged for both, I think. Kindly advise. Thank you",billing_and_refund,0.97,Hey! Sorry for the mix‑up. Please DM us your account email/username so we can sort out the double charge and get you on the right plan. /KB,True,"Intent 'billing_and_refund' requires a human (account, money, or policy)",intent_not_auto_handleable,False,0.3203,"Hey! When you tap the thumbs up or thumbs down icons when a track is playing, the station improves to match your tastes. Hope that helps /NQ || Hey there! The cavalry's here. Can you DM us your account's email address or username? We'll take a look under the hood /KB || Hey there, help's arrived! Could you send us a DM with your account's email address and username? We'll take a look backstage /RV",other,billing_and_refund,"Hey! When you tap the thumbs up or thumbs down icons when a track is playing, the station improves to match your tastes. Hope that helps /NQ",Sorry to hear that! Can you send us a DM with more details so we can take a closer look?,True,False
48,Why is there no sleep timer on the app 😐😐😐,feature_request,0.99,Hey! A sleep timer would be awesome. You can suggest it here: /RS 💚,False,User is requesting a new feature (sleep timer) and we have evidence for handling via feedback link.,,False,0.7408,Hey there! A sleep timer is a great idea. Help make it happen by adding support here: /RS || Hey Syd! We hope you share your idea here: Thanks for the awesome feedback 💚 /JQ || Hi there! A sleep timer is a great idea! Help make it happen by adding support here: /RE,other,other,Hey there! A sleep timer is a great idea. Help make it happen by adding support here: /RS,Sorry to hear that! Can you send us a DM with more details so we can take a closer look?,True,False
49,"Hey , if there's a big volume change since the last time I played music maybe don't start playing at the new volume? I like my ears continuing to work.",playback_issue,0.94,"We hear you—sudden volume jumps can be annoying. Try checking your device’s volume sync settings in the app and make sure “Normalize volume” is on. If it persists, let us know!",True,Best historical match 0.22 < 0.3,weak_evidence,False,0.2156,"We hear you. The team are always working to tweak algorithms & we appreciate your feedback! We'll let the devs know your thoughts /J || Yep! As long as you're a student, you can renew the discount every 12 months to keep the same price. Otherwise, it'll go up to $9.99 /BH || Hi, help's here! Can you give us more info on what's happening exactly? Also, what're your phone's OS and Spotify versions? /DV",other,playback_issue,We hear you. The team are always working to tweak algorithms & we appreciate your feedback! We'll let the devs know your thoughts /J,Sorry to hear that! Can you send us a DM with more details so we can take a closer look?,True,False
50,". Please review your choice of ads. It's 2017, there's no need to use lazy casual sexism...I'm pretty sure men can think for themselves! #pandorad",other,0.95,We hear your feedback about the ads and appreciate you sharing your thoughts. We'll pass this along to the team. Thank you for helping us improve!,True,"Legal, fraud, or safety language; Best historical match 0.22 < 0.3; Intent 'other' requires a human (account, money, or policy)",safety_legal|weak_evidence|intent_not_auto_handleable,False,0.2234,"1: Got it. Before anything, we'd suggest deleting the tweet with the screenshot as it contains your private info. Once done, can you... || You should also be able to remove all of them by clicking the Clear button. Do you see it on the app's Play Queue page? /JO || Hi there! We'll help out, don't worry. Can you send us your account's username or email address? We'll take a look backstage /GN",other,other,"1: Got it. Before anything, we'd suggest deleting the tweet with the screenshot as it contains your private info. Once done, can you...",Sorry to hear that! Can you send us a DM with more details so we can take a closer look?,True,True
51,Hey what's going on the past couple days? It's crashing all the time. Not amused with a premium account that doesn't play any music #silence,app_bug,0.94,Sorry you’re experiencing crashes! Please DM us your Spotify username or email so we can investigate further. #WeGotYou,False,"Issue is a crash, can be handled with standard DM request.",,False,0.309,Thanks for the info. Can you DM us your Spotify username or email address? We'll see what we can suggest /HC || Hey there! Could you send us a DM with your account's email address or username? We'll take a look backstage /FR || Hey Kath! Can you let us know what's happening exactly? We'll see what we can suggest /PL,other,other,Thanks for the info. Can you DM us your Spotify username or email address? We'll see what we can suggest /HC,Sorry to hear that! Can you send us a DM with more details so we can take a closer look?,True,False
52,"For the last few days, if I'm playing the PC app, I'm getting notifications on my phone when a new song starts. Please help!!",app_bug,0.94,"Hey! That sounds like a notification glitch. Try turning off ""Show notifications"" for Spotify in your phone settings, then restart the PC app. Let us know if it persists!",True,Best historical match 0.24 < 0.3,weak_evidence,False,0.2415,"Hey! That's not cool. Can you DM us your account's email address? We'll take a look /M || Hey Colin! Chromecast support is rolling out in the next few weeks. Fingers crossed you'll have the update soon :) /BH || Hey there! Can you let us know what device, OS, and Spotify version you're running? Also, are you getting any specific error messages? /LM",other,playback_issue,Hey! That's not cool. Can you DM us your account's email address? We'll take a look /M,Sorry to hear that! Can you send us a DM with more details so we can take a closer look?,True,False
53,I'm a podcast lover w/ a suggestion: if I'm using bluetooth & get a phone notification can you pause so I don't miss anything?,feature_request,0.99,Hey there! Thanks for the idea – we’ll pass your Bluetooth‑pause suggestion on to the team. Stay tuned! /GU,True,Best historical match 0.20 < 0.3,weak_evidence,False,0.2048,"Hey there! We’re working on it, and we hope to have this podcast available for you /JP || Hey there! Could you DM us your account's username and email address? Keep us updated /DF || Hey there! We'd love to hear your suggestion, so fire away. We'll pass it onto the right team /GU",other,other,"Hey there! We’re working on it, and we hope to have this podcast available for you /JP",Sorry to hear that! Can you send us a DM with more details so we can take a closer look?,True,False
54,Can someone please help me - I can't log into my account and all 'help' isn't very helpful - anyone live I can speak with?,account_access,0.99,Hey there! We’ve sent you a DM with steps to recover your account. Please check your inbox and let us know if you need anything else. /DM,True,"Customer explicitly asked for a human; Intent 'account_access' requires a human (account, money, or policy)",human_requested|intent_not_auto_handleable,False,0.458,"Hey there, we've just replied to your DM. Check it out /SX || Hey there! Can you DM us your account's email address or the link to your Facebook profile? We'll take a look under the hood /FR || Hey Joshua! We've just sent you a bit more info over DM. We'll carry on helping out there /KB",other,account_access,"Hey there, we've just replied to your DM. Check it out /SX",Sorry to hear that! Can you send us a DM with more details so we can take a closer look?,True,True
55,"i heard that spotify is supposed to release in romania today,is it true?",content_availability,0.97,"Hey! We don’t have an official launch date for Romania yet, but we’re expanding to new markets regularly. Stay tuned for updates! 🎧",False,"User asks about country availability, which is handled by content_availability policy.",,False,0.3974,"Hey there! Is this what you're looking for: Happy listening 🎧 /GN || Not to worry, we'll get this reported. Good spot! Thanks for the heads up /JP || 1: Hey there! We're afraid we don’t have any info on this right now, but we're launching regularly in countries around the world.",other,other,Hey there! Is this what you're looking for: Happy listening 🎧 /GN,Sorry to hear that! Can you send us a DM with more details so we can take a closer look?,True,False
56,"Hi ! I'm having issues getting my spotify account set up with Hulu. I keep getting this error ""We’re having trouble authorizing your account with Spotify. Please contact Spotify support to help resolve this issue."" Help please!!",account_access,0.97,Hey! Can you DM us your account email or username? We’ll look into the Hulu authorization issue and get it sorted for you. /AR,True,"Intent 'account_access' requires a human (account, money, or policy)",intent_not_auto_handleable,False,0.307,"Hey Michelle! Can you DM us your account's email address or username? We'll check backstage /AR || Hey Cody, help's here! Can you DM us your account's email address? We'll figure out what's going on backstage /RR || Thanks for the info. What device, operating system, and Spotify version are you on? Are you getting any error messages? /AY",other,other,Hey Michelle! Can you DM us your account's email address or username? We'll check backstage /AR,Sorry to hear that! Can you send us a DM with more details so we can take a closer look?,True,False
57,get mixtapes please 🙏,feature_request,0.99,Hey! We hear you—mixtapes are on our radar. We’ll pass the request along to the right team. Thanks for the love! 🙏,False,User is requesting a feature (mixtapes) which matches feature_request intent.,,False,0.6217,"Hey there! We’ll have it available to you as soon as it’s available to us. We have more info about this here: /CG || Hey, thanks for the feedback! We'll let the right team know it's something you'd like to see /AR || Hi Cooper! We’d love to have all of his stuff available, but we have some info about Spotify content here: /LP",other,other,Hey there! We’ll have it available to you as soon as it’s available to us. We have more info about this here: /CG,Sorry to hear that! Can you send us a DM with more details so we can take a closer look?,True,False
58,"hey there I am having problem on my app, the advertisement just keep popping out and I could not close it, until I kill the app and boot again, the problem continue happening",app_bug,0.99,"Sorry about the ad glitch! Try clearing the app cache or reinstalling, and make sure your OS and Spotify app are up‑to‑date. Let us know if it keeps happening. /RH",False,The issue is a typical app bug that can be handled with troubleshooting steps.,,False,0.3204,"Hmm. Are there any updates available for your operating system? If so, does updating help? Keep us in the loop /GU || Hey, help's here! Can you give it a go on an incognito window or a different browser? Let us know how it goes /RH || Hi Miguel! What's happening exactly? We'll do our best to help out /MC",other,other,"Hmm. Are there any updates available for your operating system? If so, does updating help? Keep us in the loop /GU",Sorry to hear that! Can you send us a DM with more details so we can take a closer look?,True,False
59,Hey guys I’m already a premium subscriber. How do I say yes to the special 99$ yearly rate ending 12/31. ? Thx.,subscription_plan,0.95,"Hi! To lock in the $99 yearly rate, go to Settings → Account → Subscription and select the yearly plan before 12/31. Let us know if you need any help! 🎧",True,"Best historical match 0.22 < 0.3; Intent 'subscription_plan' requires a human (account, money, or policy)",weak_evidence|intent_not_auto_handleable,False,0.2168,"Hi there! Just send it over, and we'd be happy to answer your question. /NQ || Great! Let us know if anything comes up again. Happy listening 🎶 /JP || Hey! Can you DM us your account's email address? We'll see what we can suggest /CB",other,subscription_plan,"Hi there! Just send it over, and we'd be happy to answer your question. /NQ",Sorry to hear that! Can you send us a DM with more details so we can take a closer look?,True,False
60,Is the web player down right now? Just getting a black screen or the login screen...,app_bug,0.97,"Try clearing your browser cache or opening the web player in incognito mode. If that doesn’t help, restart your device and try again. Let us know how it goes! /JM",True,Best historical match 0.26 < 0.3,weak_evidence,False,0.2616,Can you try opening the web player on a different browser or an incognito window? Tell us if that made a difference /JM || That's odd. Can you try the steps here for us: They should help with this. Let us know how it goes /JI || Hey there! That's not cool. Does restarting your phone help? Keep us posted 🙂 /CG,other,account_access,Can you try opening the web player on a different browser or an incognito window? Tell us if that made a difference /JM,Sorry to hear that! Can you send us a DM with more details so we can take a closer look?,True,False
61,"How do I remove a playlist that just says ""Loading..""? A right click and ""Unfollow"" does nothing.",how_to_question,0.97,"Try tapping the three‑dot menu on the playlist, then select “Remove from Your Library.” If it still shows “Loading…,” give it a moment and try again or restart the app. Let us know if it helps!",True,Best historical match 0.21 < 0.3,weak_evidence,False,0.2085,"Hey Angela! The cavalry's here. Could you DM us your account's email address or username? We'll take a look under the hood /KB || This isn't currently possible, as you can only download your entire Your Library on the mobile app. Hope that clears things up /AR || No worries! Can you try the steps here for us: Let us know how it goes /RB",other,library_playlist_issue,Hey Angela! The cavalry's here. Could you DM us your account's email address or username? We'll take a look under the hood /KB,Sorry to hear that! Can you send us a DM with more details so we can take a closer look?,True,False
62,You what would be great? If you could pay the monthly via Google play wallet.,billing_and_refund,0.8,Hey! At the moment we don’t support Google Play Wallet for monthly payments. You can keep using your existing payment method in the app. Thanks for the suggestion! 🎶,True,"Intent 'billing_and_refund' requires a human (account, money, or policy)",intent_not_auto_handleable,False,0.3149,"Hi, sorry to hear that! Check out the steps under ""Downloads unexpectedly removed"" at They should help /GT || Hey Ali! Can you DM us your account's username or email address? We'll take a look /YM || Hey Yassine! Not just yet, but we're planning on launching this soon. Stay tuned 🎶 /Q",other,other,"Hi, sorry to hear that! Check out the steps under ""Downloads unexpectedly removed"" at They should help /GT",Sorry to hear that! Can you send us a DM with more details so we can take a closer look?,True,False
63,"I belong to premium for family, but my phone reset all the apps,I can't access to my premium acct I can't listen what I want plus I have to listen the ads.I got the invitation from My brother but when I sign in takes me to the same account. What can I do?",subscription_plan,0.95,Hey! Sorry you’re stuck. Please DM us your account email/username so we can verify your family invite and get your Premium back. 😊,True,"Intent 'subscription_plan' requires a human (account, money, or policy)",intent_not_auto_handleable,False,0.3489,"Hey, help's here! Can you DM us your account's username or email address? We'll take a look under the hood /RS || Hi! We've just dropped you a DM. Let's carry on there 🙂 /JE || Hey Jody, help's arrived! Could you send us a DM with your account's email address or username? We'll take a look backstage /CH",other,subscription_plan,"Hey, help's here! Can you DM us your account's username or email address? We'll take a look under the hood /RS",Sorry to hear that! Can you send us a DM with more details so we can take a closer look?,True,False
64,"Hi, I have recently moved to Norway from Sweden, can't change country or card details (cancelled old bank card). Please help.",billing_and_refund,0.96,Hey! We can help update your country and payment info. Please DM us your account email (or username) so we can take a look backstage. 🙂,True,"Intent 'billing_and_refund' requires a human (account, money, or policy)",intent_not_auto_handleable,False,0.3035,"Hey Warren! Can you DM us your account's email address? We'll take a look under the hood /QI || Hi there! Don't worry, we're here to help. Can you DM us your account's email address or username? We'll take a look backstage /MT || Hey there, help's here! Can you DM us your account's email address and username? We'll take a look backstage 🙂 /CG",other,billing_and_refund,Hey Warren! Can you DM us your account's email address? We'll take a look under the hood /QI,Sorry to hear that! Can you send us a DM with more details so we can take a closer look?,True,False
65,your shuffle sucks. This is on a playlist with 350+ songs. I have probably 10 songs by Betty Who and four in a row on a playlist of this many songs should never happen. This is not the first time this has happened. Please fix your shuffle. I’m sick of it,playback_issue,0.96,"Sorry to hear the shuffle isn’t working right for you. Try restarting the app and clearing the cache, then give shuffle another go. If it still repeats, let us know and we’ll dig deeper!",False,"Issue is about shuffle playback, can be handled with standard troubleshooting, no account or billing info needed.",,False,0.3082,"Hey there! This doesn't sound good. What issues are you having and on what device? We'll see what we can suggest 🙂 /CG || Hi! We’ve just made some improvements to our shuffle algorithm. We’d love to hear your feedback here: /GK || Hey, that doesn't sound right. Could you tell us more about what's happening? We'll see what we can suggest /RH",other,playback_issue,Hey there! This doesn't sound good. What issues are you having and on what device? We'll see what we can suggest 🙂 /CG,Sorry to hear that! Can you send us a DM with more details so we can take a closer look?,True,False
66,"When I️ try to update my payment details so I️ can keep my premium account I️ fill out my card details, press continue, and it just keeps loading and never goes through. This has happened multiple times on different days and different computers. Please help!",billing_and_refund,0.98,Hey! Sorry you’re stuck. Please DM us your account email so we can look into the payment issue and get you back on Premium. Thanks!,True,"Intent 'billing_and_refund' requires a human (account, money, or policy); Requires account details to investigate payment problem",intent_not_auto_handleable,True,0.36,"Hi there! We've just sent you a bit more info over DM. We'll carry on helping out there /JM || Hi Heidi, help's here! Could you send us a DM with your account's email address or username? We'll take a look backstage /LO || Hey Charlotte, help's here! Can you DM us your account's email address? We'll take a look under the hood /MV",other,billing_and_refund,Hi there! We've just sent you a bit more info over DM. We'll carry on helping out there /JM,Sorry to hear that! Can you send us a DM with more details so we can take a closer look?,True,False
67,i’m going to school if perfect velvet isn’t on your app by the time i get home,content_availability,0.95,Hey! We’re sorry if “Perfect Velvet” isn’t showing up yet. It may not be in our catalog or available in your region. Keep an eye on the app—new titles get added regularly!,False,"User asks about missing song, fits content availability intent.",,False,0.3322,"1: Hey there! To grab the Spotify Student + Hulu bundle, just visit Then, select Activate Hulu and complete the... || No worries. Feel free to tweet us if there's anything else. /GK || Hi Abigail! Can you try restarting your device, then log out and back in? While you're at it, what Spotify version are you using? /AU",other,other,"1: Hey there! To grab the Spotify Student + Hulu bundle, just visit Then, select Activate Hulu and complete the...",Sorry to hear that! Can you send us a DM with more details so we can take a closer look?,True,False
68,"my student account got deactivated until I reset my student status and now my hulu will not work, nor can I activate hulu to fix it (hulu cannot verify my spotify account or something)",account_access,0.92,Hey! Sorry to hear about the trouble. Please DM us your account email or username so we can check why the student verification and Hulu link aren’t working. We'll sort it out!,True,"Intent 'account_access' requires a human (account, money, or policy); Needs personal account details to investigate deactivation and Hulu verification",intent_not_auto_handleable,True,0.3699,Hey there! We'll help out. Can you DM us your account's email address? We'll take a look under the hood /AN || Hey Damian! We're here to help. Can you DM us your account's email address or username? We'll take a look backstage /KM || Hey Michelle! Can you DM us your account's email address or username? We'll check backstage /AR,other,subscription_plan,Hey there! We'll help out. Can you DM us your account's email address? We'll take a look under the hood /AN,Sorry to hear that! Can you send us a DM with more details so we can take a closer look?,True,False
69,received email asking my to follow link to change spotify password. is this real or phishing?,account_access,0.97,Hey! That sounds like a phishing attempt. Spotify never asks for password changes via email links. Always change your password directly in the app or on our official site. Stay safe!,True,"Legal, fraud, or safety language; Best historical match 0.28 < 0.3; Intent 'account_access' requires a human (account, money, or policy)",safety_legal|weak_evidence|intent_not_auto_handleable,False,0.2758,"Hey! We've just sent you a DM 🙂 /RV || Hey! That's definitely real. Just select Find Tickets to get started /JL || Hey, we’re sorry to hear that. Check out for what to do next /NQ",other,other,Hey! We've just sent you a DM 🙂 /RV,Sorry to hear that! Can you send us a DM with more details so we can take a closer look?,True,True
70,Your web player fucking blows.,app_bug,0.94,Sorry the web player’s giving you trouble! Can you share any error messages or a screenshot so we can investigate?,False,User reports a problem with the web player; we can troubleshoot without human escalation.,,False,0.4585,"Can you try opening the web player on a different browser or an incognito window? Tell us if that made a difference /JM || Hey there, we're here to help! Are you receiving an error of any kind in your browser? Let us know /RV || Thanks! Are you getting any error messages? If so, can you send us a screenshot for us to check? /SY",other,app_bug,Can you try opening the web player on a different browser or an incognito window? Tell us if that made a difference /JM,Sorry to hear that! Can you send us a DM with more details so we can take a closer look?,True,False
71,should know which songs are interludes...stop putting them on daily mixes thx,feature_request,0.99,Hey! We get it—interludes can be a surprise in Daily Mixes. We’ve passed your feedback to the team. Thanks for helping us improve! 🎧,False,"User is requesting a change to mix content, not a bug or account issue.",,False,0.4219,"We hear you loud and clear Steph! Thanks for the feedback! It's music to our ears 🎶 /DF || Hi Jason! To make sure we're on the same page, can you let us know what's happening exactly? We'll be waiting for your reply /RK || Hey there! It’s not currently possible to sync Daily Mix offline. We’ll let the right team know this is something you’d like /NS",other,other,We hear you loud and clear Steph! Thanks for the feedback! It's music to our ears 🎶 /DF,Sorry to hear that! Can you send us a DM with more details so we can take a closer look?,True,False
72,would be nice to have playlist specific shuffle settings.,feature_request,0.99,Thanks for the idea! We’ve passed your suggestion for playlist‑specific shuffle settings along to the team. Stay tuned! 🎧,False,"User is requesting a new feature, no need for human escalation.",,False,0.308,"Hey! Our Curation team are independent & use taste, data, research, and trends to create playlists, but we’ll pass on your suggestion 🙂 /CH || Thanks. Can you reinstall the app on your PlayStation before trying one more time? Let us know how it goes /JU || You're welcome! For anything else, feel free to drop us a tweet. ✌️ /JE",other,library_playlist_issue,"Hey! Our Curation team are independent & use taste, data, research, and trends to create playlists, but we’ll pass on your suggestion 🙂 /CH",Sorry to hear that! Can you send us a DM with more details so we can take a closer look?,True,False
73,How do i change from my Premium acct to the $99 yearly Premium deal?,how_to_question,0.97,Sure! In the app go to Settings → Account → Switch to Premium and choose the yearly plan. It’ll prorate any remaining time. Need more help? DM us your email!,False,"User asks how to change plan, a straightforward how‑to.",,False,0.4674,"Hi there! We don't have any info on this right now, but we'll let the right team know it's something you'd like to see /NQ || Hey Allison! Help's here. Can you DM us your account's email address or username? We'll take a look backstage /DD || Hey there! Can you DM us your account's email address? We'll take a look /RB",other,subscription_plan,"Hi there! We don't have any info on this right now, but we'll let the right team know it's something you'd like to see /NQ",Sorry to hear that! Can you send us a DM with more details so we can take a closer look?,True,False
74,"I need the cover of The Chain to be available on , someone make this happen pls",feature_request,0.9,"Hey! We love your enthusiasm, but we can’t add or change cover art on Spotify. Keep an eye on updates—who knows what’s coming next! 🎶",False,Simple feature request that can be answered with a standard reply.,,False,0.7103,"Hey there! Here's all the information you need to know about the US student discount + Hulu bundle: /TB || We've just sent you a DM 🙂 /DR || At this time, we're afraid it's not possible for us to retrieve the info. Thanks for sharing your thoughts /NQ",other,other,Hey there! Here's all the information you need to know about the US student discount + Hulu bundle: /TB,Sorry to hear that! Can you send us a DM with more details so we can take a closer look?,True,False
75,put back the songs on by netnobody or contact him. This is inexcusable,library_playlist_issue,0.92,Hey! Sorry to hear some tracks are missing. Please DM us with the account email/username and the song details so we can look into restoring them. Thanks!,True,Best historical match 0.28 < 0.3,weak_evidence,False,0.2836,"Hey there! We've just sent a DM your way. Let's carry on chatting there /RA || Hey Rob! Is your Spotify misbehaving? Send us a DM with your account's email address or username? We'll help out /CO || 1: Hey there! As we look to improve the overall Spotify experience, we are removing the app from Samsung. There's more info...",other,other,Hey there! We've just sent a DM your way. Let's carry on chatting there /RA,Sorry to hear that! Can you send us a DM with more details so we can take a closer look?,True,False
76,"Will my USA-based account work while I'm traveling in Europe. If not, what do I do for music?",content_availability,0.92,"Your account works worldwide, but some songs may be unavailable in certain regions due to licensing. If you hit a missing track, try again later or check if it’s available in your home country. /TF",False,"User asks about regional availability, which matches content_availability and can be answered with standard info.",,False,0.3158,Hey Lauren! Sometimes content gets temporarily removed because of licensing changes. Hopefully we'll have it available again soon! /TF || 1. Thanks! It appears this album is no longer available on Spotify. Sometimes content gets temporarily removed because of licensing... || Thanks. Sometimes content gets removed because of licensing or other legal issues. Hopefully we'll have it available again soon /AK,other,other,Hey Lauren! Sometimes content gets temporarily removed because of licensing changes. Hopefully we'll have it available again soon! /TF,Sorry to hear that! Can you send us a DM with more details so we can take a closer look?,True,False
77,as an artist who do we contact at spotify to get them to separate an artist profile/identity from another artists w/the same name?,other,0.95,"Hey! For artist‑profile issues like separating identical names, reach out to your distributor—they’ll coordinate with our team to sort it out. 🎶",True,"Intent 'other' requires a human (account, money, or policy)",intent_not_auto_handleable,False,0.5023,Hey there! We've just sent a DM your way. Let's carry on chatting there /RA || Hey there! We’d recommend reaching out to your distributor. They'll work with our team to make sure your artist page gets fixed /RV || Hey! You can change your image at any time with Spotify for Artists. There’s more info on this here: /NQ,other,content_availability,Hey there! We've just sent a DM your way. Let's carry on chatting there /RA,Sorry to hear that! Can you send us a DM with more details so we can take a closer look?,True,False
78,But when can I block Ch*** B***n (or artists in general) on from showing up in my rec'd list?,feature_request,0.99,"Hey! Blocking specific artists isn’t possible right now, but you can share your idea with the community here: https://community.spotify.com/t5/Ideas/blk/idi-12345",True,Best historical match 0.22 < 0.3,weak_evidence,False,0.223,"Hey! This isn't possible right now, but you can show your support for the idea on our Community: /NQ || Hey! This isn't possible right now, but you can show your support for the idea in our Community: /CP || 1: Hi! Artists can also subscribe at You'll get a 30-day trial if you haven't had Premium before /CX",other,content_availability,"Hey! This isn't possible right now, but you can show your support for the idea on our Community: /NQ",Sorry to hear that! Can you send us a DM with more details so we can take a closer look?,True,False
79,"hi, hello there. I just want to know why my account subscription payment already expired in 7 days and i must pay again for premium subs?? I didnt change anything on my regular payment before, can you help me?",billing_and_refund,0.97,Hey! We’re sorry for the confusion. Please DM us your account email so we can check why the payment was flagged and get it sorted for you. /RI,True,"Best historical match 0.24 < 0.3; Intent 'billing_and_refund' requires a human (account, money, or policy)",weak_evidence|intent_not_auto_handleable,False,0.2403,"Hey Jose! We're here to help. Can you DM us your account's email address? We'll take a look under the hood /AN || Hey Bridget! We have the answer to this question right here: 😉 /TB || Hey Shadi! Don't worry, we're here to help. Can you DM us your account's email address? We'll check things backstage /RI",other,billing_and_refund,Hey Jose! We're here to help. Can you DM us your account's email address? We'll take a look under the hood /AN,Sorry to hear that! Can you send us a DM with more details so we can take a closer look?,True,False
80,"Hi all, thought you'd like to correct your bio on from ""White"" to 'Wise'",how_to_question,0.97,"Sure thing! To edit your bio, go to your profile, tap “Edit Profile,” then update the bio text and save. Let us know if you need any more help!",True,Best historical match 0.25 < 0.3,weak_evidence,False,0.2464,Could you try reinstalling your browsers? We'll be right here for your reply /MT || Got it. We'll get this reported. Great detective work! /RC || Hey there! You can find info on this here: Give us a shout if you need anything else /BB,other,other,Could you try reinstalling your browsers? We'll be right here for your reply /MT,Sorry to hear that! Can you send us a DM with more details so we can take a closer look?,True,False
81,hi i just had a text from you to say i need to confirm my subscription of £9.99 per month when I didn't sign up? it looks legit,billing_and_refund,0.97,Hey! That sounds off. Please DM us your account email/username so we can check why you got that £9.99 confirmation and sort it out. 😊,True,"Best historical match 0.23 < 0.3; Intent 'billing_and_refund' requires a human (account, money, or policy)",weak_evidence|intent_not_auto_handleable,False,0.2268,"Hey there! The cavalry's here. Can you DM us your account's email address or username? We'll take a look under the hood /KB || Hi Diana! Help's here. Could you DM us your email address? We'll take a look backstage /AU || Hi there, we've replied to your DM! We'll continue assisting you over there 🙂 /DQ",other,subscription_plan,Hey there! The cavalry's here. Can you DM us your account's email address or username? We'll take a look under the hood /KB,Sorry to hear that! Can you send us a DM with more details so we can take a closer look?,True,False
82,hope you'd have afeature of translating songs by letting listeners or your team do it. Found a myanmar song but can't understand it,feature_request,0.97,"We love hearing ideas! 🎧 While we don’t currently support user‑generated translations, we’ll pass your suggestion along. Thanks for sharing!",False,"User is requesting a new translation feature, which is a feature request.",,False,0.3279,"Yup! If you have other questions, you know where to reach us /RA || Alright! Fingers crossed we'll have it available in our catalog in the future. If you need anything else, just give us a shout 🙂 /RI || Hey! Tracks are shown on the app the way they're submitted. Can you send us the Song Link? Just tap the three dots > Share > Copy Link /AP",other,other,"Yup! If you have other questions, you know where to reach us /RA",Sorry to hear that! Can you send us a DM with more details so we can take a closer look?,True,False
83,I was charged the normal rate when I've had the student rate for 2 years.,billing_and_refund,0.97,Hey! Sorry to hear that. Please DM us your account email or username so we can look into the charge and get this sorted. Thanks!,True,"Intent 'billing_and_refund' requires a human (account, money, or policy)",intent_not_auto_handleable,False,0.5256,Hey there! We've just sent you a bit more info over DM. We'll carry on helping out there /PB || Hey Matt! That doesn't sound good. Can you DM us your account's email address? We'll take a look backstage /AU || Hey Danika! Can you send us your account's email address or username via DM? We'll take a look backstage /AY,other,billing_and_refund,Hey there! We've just sent you a bit more info over DM. We'll carry on helping out there /PB,Sorry to hear that! Can you send us a DM with more details so we can take a closer look?,True,False
84,"spotify should have full credit/historical background on everything from mastering, to album art, to where it was published etc",feature_request,0.97,Hey! We love hearing ideas like adding full credits and history to album pages. I’ve passed your suggestion along to the team. Thanks for sharing! /NY,False,"User is requesting a new feature, no account or billing action needed.",,False,0.3633,"Hey Dennis! What device and Spotify version are you using? Also, are you in Offline Mode or are you online using WiFi or 3/4G? /BH || Hey, thanks for the feedback. No worries, we'll get this passed on to our developers. Let us know if you need anything else /NY || Hey Cooper! The feature is currently available to Premium users, but we'll let the right team know it's something you'd like to see /AP",other,content_availability,"Hey Dennis! What device and Spotify version are you using? Also, are you in Offline Mode or are you online using WiFi or 3/4G? /BH",Sorry to hear that! Can you send us a DM with more details so we can take a closer look?,True,False
85,when will you extent yourself to South Africa Please 😩😩🙏🏽🙏🏽🇿🇦,content_availability,0.99,Hey! We’re working on launching in new countries as often as possible. Keep an eye on our updates and add your email at /GK to stay informed. Thanks for the love! 🇿🇦,False,"Simple info request about country availability, covered by existing response pattern.",,False,0.8231,"Hey there! We're launching in new countries as often as possible. Be sure to add your email at /Q || 1: Hey! We're afraid we don't have any info about this at the moment, but we're launching in new countries as often as possible. Be sure... || Hey there! We're launching in new countries as often as possible. Be sure to add your email at /GK",other,other,Hey there! We're launching in new countries as often as possible. Be sure to add your email at /Q,Sorry to hear that! Can you send us a DM with more details so we can take a closer look?,True,False
86,"please review this complaint, there are thing being said that you guys aren’t bothering to read,",other,0.95,We’re sorry you’re feeling unheard. Could you share more details so we can help?,True,"Best historical match 0.29 < 0.3; Intent 'other' requires a human (account, money, or policy); The request is vague and needs clarification before we can act.",weak_evidence|intent_not_auto_handleable,True,0.2878,"Hi there! You can now change your profile picture without needing to connect your Spotify and Facebook accounts: /MA || Hey there! We're launching in new countries as often as possible. Be sure to add your email at /DB || Thanks. Just to check, does this only happen with specific tracks? If so, are they local files? /DV",other,other,Hi there! You can now change your profile picture without needing to connect your Spotify and Facebook accounts: /MA,Sorry to hear that! Can you send us a DM with more details so we can take a closer look?,True,False
87,"Dear - I can only hit ""thumbs down"" so many times. How can I add a #NeverPlayEddieMoney rule?",feature_request,0.97,"We hear you! While we don’t have a #NeverPlay rule yet, you can hide songs or artists you don’t want to hear. We’ll pass your suggestion along. Thanks for the feedback! 🙏",True,Best historical match 0.22 < 0.3,weak_evidence,False,0.2218,"Thanks for the feedback! Daily Mix is based on your music taste, so we’d love to know how it’s doing. We'll let the right folks know /SU || We hear you! Your feedback has been noted and passed onto the team 👊🏼 /KL || Hey there! Can you let us know what device, OS, and Spotify version you're running? Also, are you listening to a Radio playlist? /LM",other,other,"Thanks for the feedback! Daily Mix is based on your music taste, so we’d love to know how it’s doing. We'll let the right folks know /SU",Sorry to hear that! Can you send us a DM with more details so we can take a closer look?,True,False
88,How bout you acquire streaming to the #AppleWatchSeries3,feature_request,0.97,Hey! Thanks for the idea – we’ll pass your Apple Watch Series 3 streaming suggestion along to the team. Stay tuned!,True,Best historical match 0.26 < 0.3,weak_evidence,False,0.256,"Hey there, that's not cool! Here's some more info about it: If you need anything else, just give us a shout /PX || Hey! What device, operating system, and Spotify version are you using? We'll see what we can suggest /CB || Hey there! Is your app misbehaving? If so, can you tell us what's happening exactly? We'll lend a hand /RH",other,playback_issue,"Hey there, that's not cool! Here's some more info about it: If you need anything else, just give us a shout /PX",Sorry to hear that! Can you send us a DM with more details so we can take a closer look?,True,False
89,so uHhhHh ever gonna let me listen to hello by seventeen,content_availability,0.95,"Hey! If “Hello” by Seventeen isn’t playing, it might not be in our catalog in your region yet. You can check the song’s page for availability info or request it via the app. Hope that helps! /NS",True,Best historical match 0.25 < 0.3,weak_evidence,False,0.2541,"Hey there! Spotify is for personal use, so only one device can play at a time on a single account. Hope this clears things up /NS || Hey! Help's here. What device, operating system, and Spotify version are you rocking? We'll see what we can suggest /RA || Hey! There's info on sorting and filtering here: Checking out Fresh Finds and Release Radar should also help 🙂 /AR",other,other,"Hey there! Spotify is for personal use, so only one device can play at a time on a single account. Hope this clears things up /NS",Sorry to hear that! Can you send us a DM with more details so we can take a closer look?,True,False
90,Can I get a 30 day free trial if I upgrade to premium with UNIdays as I am a student and want to try before I buy?,subscription_plan,0.95,Hey! Students can enjoy a 30‑day Premium trial if they meet eligibility. Check the Student offer in your account settings and follow the prompts to activate it. Let us know if you need more help!,True,"Intent 'subscription_plan' requires a human (account, money, or policy)",intent_not_auto_handleable,False,0.3948,"Hey Sharon! Could you send us a DM with your account's email address or username? We'll take a look backstage /CH || Hey, help's here! Could you send us your account's email address or username via DM? We'll take a look backstage /AY || Hey Amelia! We've just sent you a bit more info over DM. We'll carry on helping out there /KB",other,subscription_plan,Hey Sharon! Could you send us a DM with your account's email address or username? We'll take a look backstage /CH,Sorry to hear that! Can you send us a DM with more details so we can take a closer look?,True,False
91,if made a feature where you could listen to what the people around you are listening to that would be so amazing to me,feature_request,0.99,Thanks for the idea! We love hearing how you’d like to use Spotify. We’ll pass your suggestion along to the team. 🎧,False,"User is requesting a new feature, no need for human escalation.",,False,0.3498,"Awesome! We're glad you're enjoying it now. If you ever need us with anything else, know that we're always... 🙂 /AR || Hey there! What device, operating system, and Spotify version are you using? We'll see what we can suggest /MA || 1: Thanks for the kind words. We're always working to add more music to our catalog, but it looks like the Lootera soundtrack is...",other,other,"Awesome! We're glad you're enjoying it now. If you ever need us with anything else, know that we're always... 🙂 /AR",Sorry to hear that! Can you send us a DM with more details so we can take a closer look?,True,False
92,iPhone X app optimization coming soon?,feature_request,0.96,"Hey! We don’t have any details on upcoming iPhone X optimizations right now, but we’ve passed your feedback along. Thanks for sharing!",True,Best historical match 0.25 < 0.3,weak_evidence,False,0.2464,"Hi Tomas! We don't have any info on this right now, but we'll let the right team know it's something you'd like to see /MT || Hey Samuel! It should still work. Can you follow the steps here: We'll be waiting for your update /LO || Hi, help's here! Can you give us more info on what's happening exactly? Also, what're your phone's OS and Spotify versions? /DV",other,other,"Hi Tomas! We don't have any info on this right now, but we'll let the right team know it's something you'd like to see /MT",Sorry to hear that! Can you send us a DM with more details so we can take a closer look?,True,False
93,how come the invitation to join my families Spotify premium isn’t sending??? 😤😭😢 they’ve tried to email it to me 5 million times. HELP I NEED MA PREMIUM BACK,subscription_plan,0.97,Sorry about the trouble! Make sure the email address is entered correctly in the Family invite and that the recipient checks their spam folder. You can also resend the invite from Settings → Family. Let us know if it still won’t send!,True,"Best historical match 0.29 < 0.3; Intent 'subscription_plan' requires a human (account, money, or policy)",weak_evidence|intent_not_auto_handleable,False,0.2903,"Hi, we've just replied to your DM. We'll carry on chatting there /SY || Just to check, are you logged in to the same account on both devices? Also, are both devices connected to the same WiFi network? /RA || That's great news! If anything else comes up, just... 🙂 /MV",other,other,"Hi, we've just replied to your DM. We'll carry on chatting there /SY",Sorry to hear that! Can you send us a DM with more details so we can take a closer look?,True,False
94,"so why did I make a Playlist yesterday and now all the songs just changed? The suggested songs are songs that fit to the actual Playlist, but the songs in the Playlist I've never listened to.",library_playlist_issue,0.95,Hey! Sorry to hear your playlist got shuffled. Please DM us your account email so we can look into it and help restore your tracks. Thanks!,False,Issue is about playlist content changing; can be handled by support without human escalation.,,False,0.3783,Hey Leah! Can you DM us your account's email address? We'll check things backstage and see what we can do /RI || Hey there! What type of music are you into? We'll see what we can cook up 😉 /MG || Thanks. Can you reinstall the app on your PlayStation before trying one more time? Let us know how it goes /JU,other,library_playlist_issue,Hey Leah! Can you DM us your account's email address? We'll check things backstage and see what we can do /RI,Sorry to hear that! Can you send us a DM with more details so we can take a closer look?,True,False
95,why have I gotta be on your Beta programme to get an optimised app for my iPhone X?,feature_request,0.95,"Hey! The Beta program lets us test new features before they roll out to everyone. We’re always working to improve the app for all devices, including iPhone X. Thanks for the feedback!",True,Best historical match 0.30 < 0.3,weak_evidence,False,0.2988,"Hey Alexandra, help's here! Can you tell us what's happening exactly? We'll see what we can suggest /CH || Thanks for the info. In this case, just head to Your Library > Settings > Playback, and then disable ""Play Feedback Sounds"" /LM || Can you check what iOS and Spotify versions you're currently running? Does restarting your phone help? /SC",other,other,"Hey Alexandra, help's here! Can you tell us what's happening exactly? We'll see what we can suggest /CH",Sorry to hear that! Can you send us a DM with more details so we can take a closer look?,True,False
96,"can yall like put pentagon demo_02 on spotify already, i know it came out like an hour ago but I JUST WANT TO SUPPORT MY BOYS",content_availability,0.99,"Hey! That track isn’t in our catalog yet, so we can’t add it right now. Keep an eye on the app – new releases show up as they become available. Thanks for supporting the artists!",True,Best historical match 0.26 < 0.3,weak_evidence,False,0.26,"Can you try removing then readding Spotify from the Sonos website? Just follow the steps here: /CM || Hi! We're afraid we don't have any info on this since our Curation team is independent. If you have other questions, give us a shout /DV || Hey Callie! Can you let us know what Spotify version you're running? We'll see what we can suggest /NS",other,other,Can you try removing then readding Spotify from the Sonos website? Just follow the steps here: /CM,Sorry to hear that! Can you send us a DM with more details so we can take a closer look?,True,False
97,Hey why are you loadinggggg ? I’m dying at work over here,playback_issue,0.7,"Hey there, that sounds frustrating! Try logging out, restarting the app/device, then logging back in. Let us know if it improves. /MX",False,"Issue can be handled with standard troubleshooting, no account or billing details needed.",,False,0.3971,"Hey Cyril, help's here! You can find more info about Spotify on Xbox One here: /BX || Of course! Are you receiving any sort of error message when it comes to trying to play the music? We'll be right here /RV || Hey Paul, help's here! That's not cool. Does logging out > restarting the device > logging back in help? Keep us posted /MX",other,other,"Hey Cyril, help's here! You can find more info about Spotify on Xbox One here: /BX",Sorry to hear that! Can you send us a DM with more details so we can take a closer look?,True,False
98,is ur website down cant get my play list,playback_issue,0.93,"Hey! Our web player might be experiencing hiccups. Try refreshing, clearing your browser cache, or checking back in a bit. Let us know if it’s still not loading!",False,"Issue is a playback/web access problem, can be handled with standard troubleshooting.",,False,0.6006,Hey Autumn! What kind of music are you into? We'll see what we can whip up 🙂 /TB || Hi Lexi! Can you let us know the exact iOS and Spotify versions you're using? We'll see what we can suggest /PL || Hi! We've just sent a DM your way. Let's carry on chatting there /CO,other,other,Hey Autumn! What kind of music are you into? We'll see what we can whip up 🙂 /TB,Sorry to hear that! Can you send us a DM with more details so we can take a closer look?,True,False
99,"I was logged out of spotify, when I logged back in my username was replaced with a bunch of numbers, all of my library and playlists were gone and premium was also gone, this also reactivated my facebook which was not linked, please help",account_access,0.94,Sorry to hear that! Please DM us your account email or username so we can investigate the login change and restore your library and Premium.,True,"Intent 'account_access' requires a human (account, money, or policy); Needs personal account verification and access to fix login/username issues.",intent_not_auto_handleable,True,0.4252,Hmm. Can you check if you can still see them by logging in to your account with a different device? /DR || Hey! Can you DM us your account's email address? We'll take a look backstage /JL || Hey there! Could you send us a DM with your account's email address or username? We'll take a look backstage /MA,other,library_playlist_issue,Hmm. Can you check if you can still see them by logging in to your account with a different device? /DR,Sorry to hear that! Can you send us a DM with more details so we can take a closer look?,True,False
100,"new to Spotify, why is this my username and why can't I change it?!",account_access,0.97,Hey! We can help with your username. Please DM us your account email or current username and we’ll look into it for you. /DM,True,"Intent 'account_access' requires a human (account, money, or policy)",intent_not_auto_handleable,False,0.4551,"Hi Rebekah, help's here! Could you DM us your account's email address? We'll take a closer look /JQ || Hi! We've just responded to your DM. Let's continue chatting there /WW || Hey there! Can you DM us your account's email address or username? We'll see what we can suggest /RB",other,account_access,"Hi Rebekah, help's here! Could you DM us your account's email address? We'll take a closer look /JQ",Sorry to hear that! Can you send us a DM with more details so we can take a closer look?,True,False
101,an unknown device has somehow connected to my spotify. Can I get some help?,account_access,0.97,Hey! We’ll look into that unknown device for you. Please DM us the email linked to your account so we can investigate further.,True,"Best historical match 0.24 < 0.3; Intent 'account_access' requires a human (account, money, or policy); Account security issue requires human handling",weak_evidence|intent_not_auto_handleable,True,0.2359,1: Hey! That's odd. Can you send over a screenshot of what you see when you follow the steps at /CB || Hey! We've sent a DM your way. We'll carry on helping you there /SJ || Hey there! We'll help out. Can you DM us your account's email address? We'll take a look under the hood /AN,other,other,1: Hey! That's odd. Can you send over a screenshot of what you see when you follow the steps at /CB,Sorry to hear that! Can you send us a DM with more details so we can take a closer look?,True,False
102,will Taylor Swift put her new album Reputation on spotify? thanks,content_availability,0.97,Hey! Taylor’s new album will appear here once it’s released and added to our catalog. We’ll roll it out as soon as we can. Thanks for your patience!,False,"User asks about availability of a specific album, matching content_availability intent.",,False,0.3305,Hey there! Is this the one you're looking for: /FR || Hi there! We’ll have it available to you as soon as it’s available to us. /GK || 1: Hey! It sounds like the Autoplay feature is switched on. Having the feature enabled means that once you finish the album/playlist a...,other,content_availability,Hey there! Is this the one you're looking for: /FR,Sorry to hear that! Can you send us a DM with more details so we can take a closer look?,True,False
103,"someone hacked my account and I've lost my playlists, can I retrieve them?",account_access,0.99,Hey! Sorry to hear that. Please DM us your account email or username so we can investigate and secure your account and look into your playlists. /DM,True,"Best historical match 0.30 < 0.3; Intent 'account_access' requires a human (account, money, or policy); Needs account verification and security handling",weak_evidence|intent_not_auto_handleable,True,0.296,Hey! That doesn't sound good. Could you DM us your account's email address or username? We'll take a look backstage /AU || Hey Austin! Can you DM us your account's email address or username? We'll take a look /NS || Hey Håkon! We've just sent you a bit more info over DM. We'll carry on helping out there /CO,other,library_playlist_issue,Hey! That doesn't sound good. Could you DM us your account's email address or username? We'll take a look backstage /AU,Sorry to hear that! Can you send us a DM with more details so we can take a closer look?,True,False
104,Will Android ever get the swipe on the track ability to queue or add to saved music option? I would love it and so would a ton of others! Makes it easy to add in the car.,feature_request,0.99,Hey! Thanks for the idea – we love hearing how we can improve Android. Share it in our Community and the team will see it. 🎧 /LO,True,Best historical match 0.20 < 0.3,weak_evidence,False,0.1963,"Hey! We... 💚 /JP || We're always looking for ways to improve the app. For now, are you having some issues using it? Just let us know so we can help /AY || Hey Dawn, this sounds like a great idea! Suggest it in our Community at and get support from other users /LO",other,playback_issue,Hey! We... 💚 /JP,Sorry to hear that! Can you send us a DM with more details so we can take a closer look?,True,False
105,Is Hypnotoad on yet?,content_availability,0.97,"Hey! We don’t have a track called “Hypnotoad” in our catalog right now. If it gets added, you’ll see it in search. Let us know if you have any other questions!",True,Best historical match 0.00 < 0.3,weak_evidence,False,0.0,"Hey Scotty, what platform/device are you using the app on? Give a reinstall a go: /C || Hey there! Can you tell us what's happening exactly? We'll lend a hand /RH || Hey, that doesn't sound good! Did the app crash at any point during the 30 minutes? That can cause the ad-free time to reset /FR",other,other,"Hey Scotty, what platform/device are you using the app on? Give a reinstall a go: /C",Sorry to hear that! Can you send us a DM with more details so we can take a closer look?,True,False
106,"Hey, I'm currently buying premium per month, but want the yearly subscription offer you're doing. Do I need to cancel my subscription then resubscribe to do this?",subscription_plan,0.99,Hey! You can switch to the yearly plan directly in your account settings—no need to cancel first. Just choose the annual option and follow the prompts. Let us know if you need help!,True,"Best historical match 0.25 < 0.3; Intent 'subscription_plan' requires a human (account, money, or policy)",weak_evidence|intent_not_auto_handleable,False,0.2495,"Hey, help's here! Could you DM us your email address or the link to your Facebook profile? We'll do some digging 🔍 /JQ || Hey Adrion! Can you DM us your account's email address and username? We'll take a look backstage /SU || Hey there, help's here! Can you DM us your account's email address and username? We'll take a look backstage 🙂 /CG",other,subscription_plan,"Hey, help's here! Could you DM us your email address or the link to your Facebook profile? We'll do some digging 🔍 /JQ",Sorry to hear that! Can you send us a DM with more details so we can take a closer look?,True,False
107,"can you please make it so that I can save more music to my account... for real... my collection isn't even that epic... I just listen to like 34093240983 things... I'll pay for that service, additionally. #MakeItHappen 👁️👁️",feature_request,0.99,We hear you! 🎧 Your request to expand saved music limits has been passed to the team. Thanks for the suggestion – we’ll keep you posted on any updates. #YourFeedbackMatters,True,Best historical match 0.21 < 0.3,weak_evidence,False,0.2055,"We hear you, Luis! Your feedback has been noted and passed onto the team. You can also share your thoughts here: /CO || Hey! That's definitely real. Just select Find Tickets to get started /JL || Sorry to hear you feel that way. We also have more info about how Shuffle works here: Hope this helps /PB",other,other,"We hear you, Luis! Your feedback has been noted and passed onto the team. You can also share your thoughts here: /CO",Sorry to hear that! Can you send us a DM with more details so we can take a closer look?,True,False
108,Don’t you just love it when deletes about half of your songs for no reason 🙃 how do I️ fix this ?!?!,library_playlist_issue,0.97,Sorry to hear that! Check the “Downloads unexpectedly removed” steps in our Help Center – they should get your songs back. Let us know if it persists!,False,"User reports missing songs, matching library_playlist_issue; can be resolved with provided steps.",,False,0.3793,"Hey, sorry to hear that! Check the steps under “Downloads unexpectedly removed” at They should help with this /MA || We've just sent you a bit more info over DM. We'll carry on helping out there /MG || Hey, sorry to hear that! Follow the steps under “Downloads unexpectedly removed” at They should help with this /AR",other,other,"Hey, sorry to hear that! Check the steps under “Downloads unexpectedly removed” at They should help with this /MA",Sorry to hear that! Can you send us a DM with more details so we can take a closer look?,True,False
109,"Im trying to add a new account to my family account but it says the account is allready registered with facebook, however when i click the login with facebook button it says there's the facebookaccount is not registered with spotify",account_access,0.96,Hey! It sounds like a Facebook‑login mix‑up. Please DM us your Spotify email/username so we can sort it out and get your family member added 😊,True,"Intent 'account_access' requires a human (account, money, or policy)",intent_not_auto_handleable,False,0.369,"We suggest deleting the previous tweet since it contains private info. Could you DM us instead? We'll carry on helping you there 🙂 /BX || Hey there, we're here to help! Could you send us a DM with your account's email address and username? We'll take a look backstage /RV || Hey there! Can you DM us your account's email address? We'll take a look /RB",other,subscription_plan,We suggest deleting the previous tweet since it contains private info. Could you DM us instead? We'll carry on helping you there 🙂 /BX,Sorry to hear that! Can you send us a DM with more details so we can take a closer look?,True,False
110,accidentally revoked a 3rd party app and i can’t re-gain access to it. how do i gain access to it again??,how_to_question,0.93,"Hey! To reconnect a third‑party app, go to Settings → Apps → Find the app and tap “Reconnect” or re‑login through the app’s website. Let us know if you hit any snags!",False,"User asks how to restore access to a third‑party app, a straightforward how‑to.",,False,0.3314,"Hey there! Can you DM us your account's email address and a screenshot of any error messages you're seeing? We'll take a look /RB || Hey Matt! No worries, you can use any of our payment methods to pay for your Spotify: Let us know how it goes /ND || Hey Katie! Can you DM us your account's username and email address? We'll take a look backstage /TF",other,how_to_question,Hey there! Can you DM us your account's email address and a screenshot of any error messages you're seeing? We'll take a look /RB,Sorry to hear that! Can you send us a DM with more details so we can take a closer look?,True,False
111,"Hey , I want to create a playlist selected from all the songs I have ever clicked ""Add to Queue"" - Can we access personal usage data, and would it include that data? Thanks!",feature_request,0.97,"Hey! We don’t currently offer a playlist built from your “Add to Queue” history, and we can’t pull personal usage data for that. Feel free to suggest it in our Community forum!",True,Best historical match 0.28 < 0.3,weak_evidence,False,0.284,"Hey there! We'd suggest getting in touch with our Brands team at Hope this helps /RS || Hey Dawn, this sounds like a great idea! Suggest it in our Community at and get support from other users /LO || 1: Hi! Sharing a track using a Spotify Code requires permission to access your phone camera, that's why you're seeing that button. If...",other,library_playlist_issue,Hey there! We'd suggest getting in touch with our Brands team at Hope this helps /RS,Sorry to hear that! Can you send us a DM with more details so we can take a closer look?,True,False
112,i can’t connect my wife with my family subscription plan. Please help,subscription_plan,0.99,Hey! Please DM us your account email or username so we can sort out adding your wife to the family plan. Thanks!,True,"Intent 'subscription_plan' requires a human (account, money, or policy)",intent_not_auto_handleable,False,0.3644,Hey! We've just sent a DM your way. Let's carry on chatting there /RV || Hey Tim! Could you send us a DM with your account's email address or username? We'll take a look backstage /FR || Hey! Can you DM us your account's email address? We'll see what we can suggest /CB,other,subscription_plan,Hey! We've just sent a DM your way. Let's carry on chatting there /RV,Sorry to hear that! Can you send us a DM with more details so we can take a closer look?,True,False
113,THANKU FOR PULLING THROUGH,other,0.99,You’re welcome! 🎶 Glad we could help. Enjoy the music!,True,"Best historical match 0.22 < 0.3; Intent 'other' requires a human (account, money, or policy)",weak_evidence|intent_not_auto_handleable,False,0.2202,"Thanks for the info. Can you try using a different device to see if it does the same thing? We'd also suggest restarting your device /NY || Hey Scotty, what platform/device are you using the app on? Give a reinstall a go: /C || Hey there! Can you tell us what's happening exactly? We'll lend a hand /RH",other,other,Thanks for the info. Can you try using a different device to see if it does the same thing? We'd also suggest restarting your device /NY,Sorry to hear that! Can you send us a DM with more details so we can take a closer look?,True,False
114,Can you please answer my DM? Thanks,other,0.97,We've just sent you a DM 🙂,True,"Customer explicitly asked for a human; Intent 'other' requires a human (account, money, or policy)",human_requested|intent_not_auto_handleable,False,0.6097,We've just sent you a DM 🙂 /NG || Hey Ali! We've just sent you a bit more info over DM. We'll carry on helping out there /CP || Hi! We've just sent a DM your way. Let's carry on chatting there /JN,other,other,We've just sent you a DM 🙂 /NG,Sorry to hear that! Can you send us a DM with more details so we can take a closer look?,True,True
115,why it says like that? Solution please,other,0.4,Hi! Could you share a bit more detail or a screenshot of what you’re seeing? That’ll help us figure out the best solution. Thanks!,True,"Intent 'other' requires a human (account, money, or policy); Message is vague; need more info before determining specific intent.",intent_not_auto_handleable,True,0.3247,"Hmm, that's odd. Can you DM us a screenshot of what you're seeing on your end? We'll see what else we can suggest /SU || Hi Andrea, help's here. Can you let us know the iOS and Spotify versions you're running? We'll see what we can suggest /NY || We don't have info on this yet. But don't worry, we'll let the right team know it's something you'd like to use in the future 🙂 /JN",other,other,"Hmm, that's odd. Can you DM us a screenshot of what you're seeing on your end? We'll see what else we can suggest /SU",Sorry to hear that! Can you send us a DM with more details so we can take a closer look?,True,False
116,When that much needed iPhone X update coming ?,other,0.97,Hey! We don’t have a release date for the next iPhone X update yet. Keep an eye on the App Store for the latest version. /RB,True,"Intent 'other' requires a human (account, money, or policy)",intent_not_auto_handleable,False,0.3192,"Hey! We still don't have any info on this right now. Just continue keeping an eye out for any updates /RB || Hey, help's here! Can you let us know both the iOS and Spotify versions you're rocking? We'll see what we can suggest /GK || Hey Richard, help's here! Does logging out, restarting the device, and logging back in help? Can you let us know your Spotify version? /HC",other,app_bug,Hey! We still don't have any info on this right now. Just continue keeping an eye out for any updates /RB,Sorry to hear that! Can you send us a DM with more details so we can take a closer look?,True,False
117,i try to upgrade my account to premium version using phone credits as my paymemt method. My phone credit was cutted but my account wasn't got upgrade. Pls help. Thanks!,subscription_plan,0.97,Hey! Sorry to hear the upgrade didn’t go through. Please DM us your account email or username so we can sort it out for you. /,True,"Best historical match 0.18 < 0.3; Intent 'subscription_plan' requires a human (account, money, or policy)",weak_evidence|intent_not_auto_handleable,False,0.1793,"Hey Dana, help's arrived! Could you send us a DM with your account's email address and username? We'll take a look backstage /RV || Hi Natalie, help's here! Can you DM us your account's username and email address? We'll check it out /WW || Hey Felipe, help's here! Could you send us a DM with your account's email address or username? We'll take a look backstage /CO",other,subscription_plan,"Hey Dana, help's arrived! Could you send us a DM with your account's email address and username? We'll take a look backstage /RV",Sorry to hear that! Can you send us a DM with more details so we can take a closer look?,True,False
118,where the frick is your sleep timer!?!? #FirstWorldProblems,feature_request,0.99,Hey! We hear you—sleep timer is a popular request. You can upvote it here: /RS. Thanks for the feedback! 💚,False,User asks for a feature that doesn’t exist yet.,,False,0.5752,Hey Syd! We hope you share your idea here: Thanks for the awesome feedback 💚 /JQ || Hi there! A sleep timer is a great idea! Help make it happen by adding support here: /RE || Hey there! A sleep timer is a great idea. Help make it happen by adding support here: /RS,other,other,Hey Syd! We hope you share your idea here: Thanks for the awesome feedback 💚 /JQ,Sorry to hear that! Can you send us a DM with more details so we can take a closer look?,True,False
119,experiencing low quality audio on Win10 desktop app thru premium acct: set to HQ but distorting like 128kbps. Any ideas?,playback_issue,0.97,"Hey! Try restarting the app and clearing the cache, then set audio quality to High again. If it still sounds low, DM us your username & email so we can dig deeper. 🎧",True,Best historical match 0.20 < 0.3,weak_evidence,False,0.2047,"Hey Cameron, help's here! You can change the audio quality by following: Let us know how it goes 😁 /ND || Hi there, help's here! Can you DM us with your account's username and email address? We'll take a look backstage /WW || Hey there! Can you DM us your account's email address? We'll take a look /RB",other,app_bug,"Hey Cameron, help's here! You can change the audio quality by following: Let us know how it goes 😁 /ND",Sorry to hear that! Can you send us a DM with more details so we can take a closer look?,True,False
120,what kind of ad??? why is it 2 hours??,playback_issue,0.6,"Hey! Sorry about the long ad. Ads can vary, but 2 hours sounds off. Could you share the device and app version you’re using? We’ll look into it.",True,Best historical match 0.29 < 0.3; Ad length issue isn’t covered by provided evidence; needs human review.,weak_evidence,True,0.2909,"Hey Alexi! If your school isn’t listed, you won’t be eligible. But, you can request for it to be added at /MX || Hi Antonio, help has arrived. What's happening exactly? Can you let us know your device model/OS and the Spotify version you're using? /ME || Hey! We're afraid we don't offer any telephone support, but we can help via Twitter. Can you tell us more about what's happening? /RA",other,other,"Hey Alexi! If your school isn’t listed, you won’t be eligible. But, you can request for it to be added at /MX",Sorry to hear that! Can you send us a DM with more details so we can take a closer look?,True,False
121,Why does your desktop app open quickly but then take a million damn years to load?,app_bug,0.99,"Hey! Sorry for the slowdown. Could you share your device, OS, and Spotify version? We'll help troubleshoot the loading issue. /RS",False,User reports performance issue; can be handled with standard troubleshooting.,,False,0.3086,"Hey Janos! We don't offer official support for the version of the app for Linux, but you can find help here: /RS || No worries! Can you try the steps here for us: Let us know how it goes /RB || Hey, help's here! Can you let us know the device, operating system, and Spotify version you're using? We'll see what we can suggest /RS",other,other,"Hey Janos! We don't offer official support for the version of the app for Linux, but you can find help here: /RS",Sorry to hear that! Can you send us a DM with more details so we can take a closer look?,True,False
122,Why isn't Nostalgia Ultra on,content_availability,0.97,Hey! Nostalgia Ultra isn’t on Spotify right now due to licensing. We’ll let you know if it returns. Thanks for understanding!,False,"User asks why a specific album isn’t available, matching content_availability intent.",,False,0.6939,"Hey! Sometimes content is unavailable due to licensing matters. More info about this here: /JS || Thanks for the info. Does logging out > restarting your devices > logging back in help at all? Keep us posted /MT || Hmm, can you DM us your account's email address? We'll take a look backstage /MV",other,other,Hey! Sometimes content is unavailable due to licensing matters. More info about this here: /JS,Sorry to hear that! Can you send us a DM with more details so we can take a closer look?,True,False
123,where is the album! we need the damn album! #PerfectVelvet !,content_availability,0.97,Hey! Could you DM us the album’s Spotify URI and let us know which country you’re listening from? We’ll check why #PerfectVelvet isn’t showing up. Thanks!,False,"User is asking about a missing album, matching content_availability intent.",,False,0.4477,"Thanks. We'll get this reported. Great detective work! /MT || We've just sent you a DM 🙂 /ME || Hey there! Could you send us the album's URI? Also, what country are you rocking Spotify from? We'll see what we can suggest /BH",other,content_availability,Thanks. We'll get this reported. Great detective work! /MT,Sorry to hear that! Can you send us a DM with more details so we can take a closer look?,True,False
124,"I paid for a premium family plan, all the other accounts are working but my account does not receive the premium features. My account username is sarimr_12. Please help with this issue.",subscription_plan,0.97,"Hey sarimr_12, sorry you’re missing premium features! Please DM us your account email so we can sort it out for you 🙂",True,"Intent 'subscription_plan' requires a human (account, money, or policy); Account details needed for verification and resolution",intent_not_auto_handleable,True,0.3551,"Hey there, help's here! Could you DM us your account's email address and username? We'll take a look backstage 🙂 /CG || Hi Jesse, help's here! Can you DM us your account's email address? We'll take a look under the hood /AD || Hi there! We've just sent a DM your way. Let's carry on chatting there /FR",other,subscription_plan,"Hey there, help's here! Could you DM us your account's email address and username? We'll take a look backstage 🙂 /CG",Sorry to hear that! Can you send us a DM with more details so we can take a closer look?,True,False
125,"I challenge you to try to purchase an online gift card for a full year of Spotify Premium and really test out your customer experience, it shouldn't be this hard to give you my money! #notelephonesupport",billing_and_refund,0.92,We’re sorry you’ve had trouble with the gift‑card purchase. Please DM us your email so we can look into the issue and help you out. #SpotifyCares,True,"Best historical match 0.22 < 0.3; Intent 'billing_and_refund' requires a human (account, money, or policy); Needs account details and possible payment issue, requires human handling",weak_evidence|intent_not_auto_handleable,True,0.2242,"Can you DM us your account's username or email address? We'll take a look backstage /PL || Hi, help's here! Can you DM us your account's email address and a bit more info about what's going on? We'll see what we can suggest /DD || Hey Ricco! We've just sent a DM your way. Check your Messages /MV",other,billing_and_refund,Can you DM us your account's username or email address? We'll take a look backstage /PL,Sorry to hear that! Can you send us a DM with more details so we can take a closer look?,True,False
126,"add lyrics to all songs on ur app pls, apple music can do it u can too",feature_request,0.97,We hear you! Lyrics are available for many tracks via Musixmatch for Premium users. We’re always looking to improve the experience. Thanks for the suggestion!,False,User requests a new feature (lyrics for all songs) which matches feature_request intent.,,False,0.3381,"Hi Lexi! Can you let us know the exact iOS and Spotify versions you're using? We'll see what we can suggest /PL || Hi there. If you’re Premium, you can connect your Spotify account to the Musixmatch mobile app to enjoy lyrics: /QI || Hey! Sometimes content is unavailable due to licensing matters. More info about this here: /JS",other,feature_request,Hi Lexi! Can you let us know the exact iOS and Spotify versions you're using? We'll see what we can suggest /PL,Sorry to hear that! Can you send us a DM with more details so we can take a closer look?,True,False
127,hi i have a problem with my family plan,subscription_plan,0.97,Hey! We’ve just sent you a DM—let’s sort out your family plan there. Thanks!,True,"Intent 'subscription_plan' requires a human (account, money, or policy)",intent_not_auto_handleable,False,0.4213,"Hey! Right now, we're afraid the Hulu bundle can't be combined with the Premium for Family plan. More info here: /NQ || Hey! Can you DM us your account's email address? We'll see what we can suggest /CB || Hi! We've just sent a DM your way. Let's carry on chatting there /CO",other,subscription_plan,"Hey! Right now, we're afraid the Hulu bundle can't be combined with the Premium for Family plan. More info here: /NQ",Sorry to hear that! Can you send us a DM with more details so we can take a closer look?,True,False
128,"are you working on an apple watch app, and what is your estimated release date? Might cancel subscription for apple music",feature_request,0.97,We don’t have an Apple Watch app yet and don’t have a release date to share. You can follow the official idea and add your vote for updates.,False,User asks about a feature that doesn’t exist; no account or billing info needed.,,False,0.5695,"1: Hi there! We're afraid we don't have an app on the Apple Watch. We suggest checking out the official idea and add your vote... || 1: Hey Ritesh! We don't have any info to share right now. In the meantime, you can check out the official idea and add... || We've just sent you a DM 🙂 /PX",other,feature_request,1: Hi there! We're afraid we don't have an app on the Apple Watch. We suggest checking out the official idea and add your vote...,Sorry to hear that! Can you send us a DM with more details so we can take a closer look?,True,False
129,. why can’t I use a Spotify gift card to pay for spotify yearly?,billing_and_refund,0.99,Hey! Gift cards can’t cover annual plans directly. Please DM us your account email so we can check options for you. Thanks!,True,"Intent 'billing_and_refund' requires a human (account, money, or policy)",intent_not_auto_handleable,False,0.334,"Thanks for letting us know. Could you send us a DM with your account's email address or username? We'll take a look backstage /QI || Hi, help's here! Can you DM us your account's email address and a bit more info about what's going on? We'll see what we can suggest /DD || Hey there! That's not cool. Does logging out > restarting the device > logging back in help? Keep us posted /PX",other,other,Thanks for letting us know. Could you send us a DM with your account's email address or username? We'll take a look backstage /QI,Sorry to hear that! Can you send us a DM with more details so we can take a closer look?,True,False
130,"mi sono iscritta ora a Spotify e volevo usufruire della promo 3 mesi a 0,99€! Come fare? Ho potuto attivare solo la settimana di prova gratuita di premium.",subscription_plan,0.94,"Ciao! The 3‑month promo is automatically applied when you upgrade to Premium during the offer period. If you only see a 1‑week trial, try upgrading again in the app’s Premium page. Let us know if it still won’t work!",True,"Best historical match 0.17 < 0.3; Intent 'subscription_plan' requires a human (account, money, or policy)",weak_evidence|intent_not_auto_handleable,False,0.1704,"Hi! Can you let us know the artist of the track you're looking for? Also, what country is your Spotify account set to? We'll take a look /MC || Hey! We don't offer Filipino support, so we hope you don't mind if we reply in English. Also, we've just sent you a DM 🙂 /BP || Hi there! We can help out in English via Twitter, but we also have Indonesian support through email at /DB",other,other,"Hi! Can you let us know the artist of the track you're looking for? Also, what country is your Spotify account set to? We'll take a look /MC",Sorry to hear that! Can you send us a DM with more details so we can take a closer look?,True,False
131,"I know curators are independent, but would you pass it along that one of these covers would be great for Acoustic Calm playlist? I'm working hard promoting spotify #music #hardworking",feature_request,0.97,Thanks for the suggestion! We’ll pass your cover idea along to the team that curates Acoustic Calm. 🎧 #music,True,Best historical match 0.27 < 0.3,weak_evidence,False,0.2662,"Hey! You can access your artist profile with Spotify for Artists. If you don’t have access yet, request it at /CG || Hmm. Can you try logging out of Spotify, restarting your device, and logging back in to see if that helps? Keep us posted /NY || Hi Stephanie! We've sent a DM. Please check your inbox /D",other,library_playlist_issue,"Hey! You can access your artist profile with Spotify for Artists. If you don’t have access yet, request it at /CG",Sorry to hear that! Can you send us a DM with more details so we can take a closer look?,True,False
132,"can't log in, cant log in to post a customer service post about not being able to log in. nice.",account_access,0.96,Sorry you’re stuck! Please DM us your account email so we can help you reset your login. We’ll get you back in ASAP.,True,"Intent 'account_access' requires a human (account, money, or policy); Login problems require a human to verify identity and assist.",intent_not_auto_handleable,True,0.4129,"Hi! Yes, don’t worry, we can help. What’s happening exactly? Can you let us know the device/OS you’re using? /DR || Hi there! We've just sent a DM your way. Let's carry on chatting there /FR || You can try logging out and logging back in, but let's also check some other things. Is this happening over WiFi, 3G/4G, or both? /LO",other,account_access,"Hi! Yes, don’t worry, we can help. What’s happening exactly? Can you let us know the device/OS you’re using? /DR",Sorry to hear that! Can you send us a DM with more details so we can take a closer look?,True,False
133,"min, saya udah beli spotify premium, tp kok ga bisa download ya? pengaturan download via seluler sudah aktif padahal.",playback_issue,0.94,"Hi! Make sure you’re on Premium and have ""Download using cellular"" turned on in Settings. If it’s still not working, try logging out and back in. Need more help? DM us!",True,Best historical match 0.29 < 0.3,weak_evidence,False,0.2875,"Hey there! We can help out in English via Twitter, but we also have Indonesian support via email at /GK || 1: We have Indonesian support via email at but we can also help in English via Twitter. If you'd like... || Hey there! We can help out in English via Twitter, but we also have Indonesian support via email at /GK",other,library_playlist_issue,"Hey there! We can help out in English via Twitter, but we also have Indonesian support via email at /GK",Sorry to hear that! Can you send us a DM with more details so we can take a closer look?,True,False
134,"Hi, Having issues with my payment for subscription going through. Web site just keeps saying processing. Any suggestions?",billing_and_refund,0.97,"Hey! If the payment page stays on “processing,” try clearing your browser cache or using a different browser/device. If it still won’t go through, let us know and we’ll look into it further. /CO",True,"Intent 'billing_and_refund' requires a human (account, money, or policy)",intent_not_auto_handleable,False,0.3289,"Hey! Is your Spotify misbehaving? What device are you using? We'll help out /CO || Hey Varun, help's here! Could you let us know more about what's going on? We'll gladly lend a hand /JQ || Hey Tracy! Can you let us know what's happening exactly? We'll see how we can help /JP",other,billing_and_refund,Hey! Is your Spotify misbehaving? What device are you using? We'll help out /CO,Sorry to hear that! Can you send us a DM with more details so we can take a closer look?,True,False
135,sort urself out hun xoxo,other,0.95,Hey there! 😊 Let us know what’s going on and we’ll do our best to help.,True,"Best historical match 0.22 < 0.3; Intent 'other' requires a human (account, money, or policy)",weak_evidence|intent_not_auto_handleable,False,0.222,"You're welcome! Give us a shout if you have any other questions 😁 /RK || Hi Ellis! Don’t worry, we can help. What’s happening exactly? Can you let us know the device/OS you’re using? /BM || Hi Rosie, help's here! Can you give us more info on what's happening? We'll see what we can suggest /DV",other,other,You're welcome! Give us a shout if you have any other questions 😁 /RK,Sorry to hear that! Can you send us a DM with more details so we can take a closer look?,True,False
136,I love it when randomly replaces songs on my playlists with their French renditions. #sigh,feature_request,0.93,Hey! We hear you—Spotify doesn’t automatically swap songs with different language versions. You can always edit your playlists manually. Thanks for the feedback! 💚,False,"User is requesting a change to how songs are handled, not a bug or account issue.",,False,0.3864,"1: Hey Ron! Our Curation team are independent so there's no formal submission process. /JX || Hey! We... 💚 /JP || 1: In that case, can you DM us your account's email address along with your device's make & model? If you can also include the OS...",other,library_playlist_issue,1: Hey Ron! Our Curation team are independent so there's no formal submission process. /JX,Sorry to hear that! Can you send us a DM with more details so we can take a closer look?,True,False
137,"hai , mau nanya nih, akun spotify saya kok ga bisa login pas diluar negeri ya?? ada notifikasi kalau harus masukin lokasi gitu diwebsitenya.. bisa dibantu untuk penjelasannya ? thanks :)",account_access,0.93,"Hey! Spotify works worldwide, but you may need to verify your account if you see a location prompt. Try logging in via the app, confirm your email, and ensure you’re using the same country as your subscription. Need more help? DM us!",True,"Best historical match 0.21 < 0.3; Intent 'account_access' requires a human (account, money, or policy)",weak_evidence|intent_not_auto_handleable,False,0.2131,"1: We have Indonesian support via email at but we can also help in English via Twitter. If you'd like... || Hey! We can help out in English via Twitter, but we also have Indonesian support via email at /NY || Hey there! We can help out in English via Twitter, but we also have Indonesian support via email at /GK",other,other,1: We have Indonesian support via email at but we can also help in English via Twitter. If you'd like...,Sorry to hear that! Can you send us a DM with more details so we can take a closer look?,True,False
138,I had issues with my payment and having issues. Can we talk in DM?,billing_and_refund,0.97,Hey! Sorry to hear about the payment trouble. We’ll look into it—please DM us your account email so we can help you further. /DM,True,"Customer explicitly asked for a human; Intent 'billing_and_refund' requires a human (account, money, or policy); Payment issues require a human agent to securely handle the request.",human_requested|intent_not_auto_handleable,True,0.6435,"Hey! Is your Spotify misbehaving? What device are you using? We'll help out /CO || Hey Tracy! Can you let us know what's happening exactly? We'll see how we can help /JP || Hey Varun, help's here! Could you let us know more about what's going on? We'll gladly lend a hand /JQ",other,billing_and_refund,Hey! Is your Spotify misbehaving? What device are you using? We'll help out /CO,Sorry to hear that! Can you send us a DM with more details so we can take a closer look?,True,True
139,will you guys ever have do a live Spotify session?,feature_request,0.97,"We love the idea! While we don’t have live sessions right now, we’re always listening to feedback. Stay tuned for any updates! 🎧",False,"User asks about a potential new feature, no account or billing info needed.",,False,0.5467,"No worries, if you ever need anything else, just shout and we'll come running 🏃 /DF || Hi! We've just sent you a bit more info over DM. We'll carry on helping out there /AR || Thanks for giving it a shot. Can you DM us your account's email address or username? We'll take a look backstage /RH",other,other,"No worries, if you ever need anything else, just shout and we'll come running 🏃 /DF",Sorry to hear that! Can you send us a DM with more details so we can take a closer look?,True,False
140,tfw you realize moments before take off that removed all of your downloaded albums from your phone.,library_playlist_issue,0.97,We’re sorry to hear your downloads disappeared! Please DM us your account username or email so we can investigate and get your music back. 🎧,False,"User reports missing downloaded albums, matching library_playlist_issue; no need for human escalation beyond DM request.",,False,0.3004,"Hi, help's here! Could you DM us your account's username and email address? We'll take a look backstage /JQ || Hey there, that's not fun! Can you DM us your account's username and email address? We'll check it out 🔍 /TY || Hey Robert, this doesn't sound good! Could you send us a DM with your account's username or email address? We'll take a look backstage /DB",other,library_playlist_issue,"Hi, help's here! Could you DM us your account's username and email address? We'll take a look backstage /JQ",Sorry to hear that! Can you send us a DM with more details so we can take a closer look?,True,False
141,Is there a way to combine playlists on without having to drag each individual song? #help,how_to_question,0.99,"Hey! You can merge playlists by selecting a playlist, tapping the three‑dot menu, choosing “Add to another playlist,” and picking the target playlist. Do it for each playlist you want to combine. 🎧",True,Best historical match 0.27 < 0.3,weak_evidence,False,0.272,"Hi! Fingers crossed we'll be able to have it soon, but there's info about Spotify content here: /RB || Hey Ere! If you're using a desktop app, you can create folders with the steps at Hope this helps 🙂 /JP || Hi! We've just sent you a DM. We'll wait for your reply /CX",other,library_playlist_issue,"Hi! Fingers crossed we'll be able to have it soon, but there's info about Spotify content here: /RB",Sorry to hear that! Can you send us a DM with more details so we can take a closer look?,True,False
142,Hey! How do I get my podcast #RandomPodcastGenerator onto Spotify itself? Is there any quick submit form or a way to request?,how_to_question,0.97,"Hey! To get your podcast on Spotify, submit its RSS feed through our podcast submission page: https://podcasters.spotify.com/. Follow the guide there and you’ll be set. /JP",False,"User asks for submission steps, which we can answer with existing info.",,False,0.6114,"Hey there! We’re working on it, and we hope to have this podcast available for you /JP || Hey Zoey, thanks for your interest! For more info on getting your podcast on Spotify, check out: Keep us posted /ND || Hey Andrew, thanks for your interest! For more info on getting your podcast on Spotify, check out: /TB",other,how_to_question,"Hey there! We’re working on it, and we hope to have this podcast available for you /JP",Sorry to hear that! Can you send us a DM with more details so we can take a closer look?,True,False
143,I would like to sign up for family plan. We would like to keep our playlists..how?,subscription_plan,0.97,"Hey! To start a Family plan, go to Settings → Account → Switch to Family and invite your members. Your playlists stay right where they are. Need more help? Just let us know!",True,"Intent 'subscription_plan' requires a human (account, money, or policy)",intent_not_auto_handleable,False,0.3544,"Hey Phillip! Thanks for the nice idea. It's definitely something for the team to consider and we'll make sure it reaches them /BP || Hey! Right now, we're afraid the Hulu bundle can't be combined with the Premium for Family plan. More info here: /NQ || Hey Kike, help's arrived! Could you tell us more about what's going on? We'll gladly lend a hand 🙂 /JQ",other,subscription_plan,Hey Phillip! Thanks for the nice idea. It's definitely something for the team to consider and we'll make sure it reaches them /BP,Sorry to hear that! Can you send us a DM with more details so we can take a closer look?,True,False
144,does not give me permission to log in cause i deactivated Facebook account . WTF,account_access,0.98,"Hey! If your Facebook account was deactivated, you’ll need to log in with your email/username instead. Please DM us your Spotify email or username so we can help you reset access. /RV",True,"Intent 'account_access' requires a human (account, money, or policy)",intent_not_auto_handleable,False,0.3017,"Hey there, we're here to help! Could you send us a DM with your account's email address and username? We'll take a look backstage /RV || Hey there! Can you DM us your account's email address or the link to your Facebook profile? We'll take a look under the hood /FR || Hey Nedu! Could you send us a DM with your account's email address or username? We'll take a look backstage /FR",other,account_access,"Hey there, we're here to help! Could you send us a DM with your account's email address and username? We'll take a look backstage /RV",Sorry to hear that! Can you send us a DM with more details so we can take a closer look?,True,False
145,was logged out of my account and now all my playlists have gone?!! Why?,library_playlist_issue,0.97,Sorry to hear that! Please DM us your account email or username so we can look into your missing playlists. 🔍,False,Issue is about missing playlists; we can handle with a DM request.,,False,0.7378,"Hmm. Can you check if you can still see them by logging in to your account with a different device? /DR || Could you send us a DM with your account's email address or username? We'll take a look backstage /DR || Hey there, help's here! Could you DM us your account's username and email address? We'll take a look 🔍 /DQ",other,library_playlist_issue,Hmm. Can you check if you can still see them by logging in to your account with a different device? /DR,Sorry to hear that! Can you send us a DM with more details so we can take a closer look?,True,False
146,"Alright, let’s get #Reputation up now, mmkay?",other,0.95,Hey there! Could you let us know how we can help you today? 😊,True,"Intent 'other' requires a human (account, money, or policy); Message is vague and doesn't match any specific intent; needs clarification.",intent_not_auto_handleable,True,0.3039,"Anytime! 🙂 /RH || You're welcome. If you ever need anything else, just shout and we'll come running 🏃 /JX || Hi there! We've just sent a DM your way. Let's carry on chatting there /GS",other,other,Anytime! 🙂 /RH,Sorry to hear that! Can you send us a DM with more details so we can take a closer look?,True,False
147,Hi please see my DM :),other,0.97,We've got your DM and are looking into it! We'll reply there shortly 🙂,True,"Customer explicitly asked for a human; Intent 'other' requires a human (account, money, or policy)",human_requested|intent_not_auto_handleable,False,0.6196,Hey Jakailyn! We've just sent you a bit more info over DM. We'll carry on helping out there /GN || Hey Emilia! We just replied to your DM. Check it out 🙂 /BH || Sure thing! You can send us a DM anytime. You can click the button under this tweet to do so 🙂 /BH,other,other,Hey Jakailyn! We've just sent you a bit more info over DM. We'll carry on helping out there /GN,Sorry to hear that! Can you send us a DM with more details so we can take a closer look?,True,True
148,"hello, u keep charging me for two months and i dont even have premium.",billing_and_refund,0.98,Hey! Sorry for the hassle. Please DM us your username and email so we can sort out the extra charges and get your premium status straightened out. 🙏,True,"Best historical match 0.30 < 0.3; Intent 'billing_and_refund' requires a human (account, money, or policy); Needs account details and billing investigation, requiring human handling.",weak_evidence|intent_not_auto_handleable,True,0.2965,"Hi Rosa, help's arrived! Could you DM us your account's username and email address? We'll do some digging 🔍 /JQ || Hey McKensie! We've just replied to your DM. We'll carry on helping there /JX || Hey Stacey, that doesn't sound right. Can you DM us your account's username and email address? We'll take a look backstage /SY",other,billing_and_refund,"Hi Rosa, help's arrived! Could you DM us your account's username and email address? We'll do some digging 🔍 /JQ",Sorry to hear that! Can you send us a DM with more details so we can take a closer look?,True,False
149,Yo I cancelled my premium account last month why was I charged again for this month 😒,billing_and_refund,0.97,Hey! Sorry to hear that. Please DM us your account email or username so we can check why you were charged after canceling. Thanks!,True,"Intent 'billing_and_refund' requires a human (account, money, or policy)",intent_not_auto_handleable,False,0.3212,"Hey Charlotte! That doesn't sound right. Can you DM us your account's email address or username? We'll take a look backstage /KM || Hey Kath! Can you let us know what's happening exactly? We'll see what we can suggest /PL || Hi Jessie, the cavalry's here! Can you DM us your username and email address? We'd be happy to help /JI",other,billing_and_refund,Hey Charlotte! That doesn't sound right. Can you DM us your account's email address or username? We'll take a look backstage /KM,Sorry to hear that! Can you send us a DM with more details so we can take a closer look?,True,False
150,"Hi, I’ve just bought Spotify premium but I’ve received two receipts, does this mean I’ve been charged twice?",billing_and_refund,0.97,"Congrats on Premium! If you see two receipts, it might be a duplicate charge. Please check your account billing page and DM us the details so we can look into it. Thanks!",True,"Intent 'billing_and_refund' requires a human (account, money, or policy)",intent_not_auto_handleable,False,0.4396,Hi there! We've just sent a DM your way. Let's carry on chatting there /AK || Hey there! We've just sent a DM your way. Let's carry on chatting there /AN || 1: Hey! We'd suggest deleting your previous tweet as your screenshot contains your email address. Can you DM it to us instead... /NQ,other,billing_and_refund,Hi there! We've just sent a DM your way. Let's carry on chatting there /AK,Sorry to hear that! Can you send us a DM with more details so we can take a closer look?,True,False
151,Hey how do I change my account from a regular account to a student account? I’ve been a student for about 4 months and I haven’t had any help with this.,subscription_plan,0.97,"Hey! To switch to a student plan, DM us your account email or username and we’ll guide you through the verification process. /BH",True,"Intent 'subscription_plan' requires a human (account, money, or policy)",intent_not_auto_handleable,False,0.6452,"Hi Yolanda, we're here to help. Can you DM us your account's email address? We'll take a look /AC || Hey there! Can you try opening in an incognito window, and heading to Subscription > Update. Keep us in the loop /MQ || Hey there! Could you DM us your Spotify account's email address or username? We'll see what we can suggest /BH",other,subscription_plan,"Hi Yolanda, we're here to help. Can you DM us your account's email address? We'll take a look /AC",Sorry to hear that! Can you send us a DM with more details so we can take a closer look?,True,False
152,.... so like when is #reputation going to be available on Spotify??,content_availability,0.97,"Hey! We don’t have a release date yet, but we’ll add it as soon as we can. Stay tuned!",True,Best historical match 0.29 < 0.3,weak_evidence,False,0.2884,"Hey there! We don't have any info about it yet, but we're launching regularly in countries around the world: /MA || Hi there! We’ll have it available to you as soon as it’s available to us! /HC || Hi Daniel. Don't worry, help's here. Can you tell us what device, operating system, and exact app version you're using? /JU",other,content_availability,"Hey there! We don't have any info about it yet, but we're launching regularly in countries around the world: /MA",Sorry to hear that! Can you send us a DM with more details so we can take a closer look?,True,False
153,When says the next 30 min of music is ad free and then plays one song before playing another ad 🤔,playback_issue,0.94,"Hey! If an ad shows up before the full 30 min of ad‑free music, it could be a crash or glitch resetting the timer. Try restarting the app and let us know if it keeps happening /RV",False,"User reports ad‑free timer issue, can be handled with standard troubleshooting.",,False,0.4482,"Hey, that doesn't sound good! Did the app crash any time during the 30 minutes? That can cause the ad-free time to reset. Let us know /RV || Hey, that doesn't sound good! Did the app crash at any point during the 30 minutes? That can cause the ad-free time to reset /FR || Hey there! Are you not able to get 30 minutes of ad-free music after watching a video? /DB",other,playback_issue,"Hey, that doesn't sound good! Did the app crash any time during the 30 minutes? That can cause the ad-free time to reset. Let us know /RV",Sorry to hear that! Can you send us a DM with more details so we can take a closer look?,True,False
154,"trying to renew my premium, won’t take a credit card and my bank statement is a mess. Help a brother out",billing_and_refund,0.97,Hey! Sorry you’re having trouble. Please DM us your account email or username so we can look into the payment issue and get you back on Premium. /DM,True,"Best historical match 0.27 < 0.3; Intent 'billing_and_refund' requires a human (account, money, or policy)",weak_evidence|intent_not_auto_handleable,False,0.2677,Hi Andrés! Could you send us a DM with your account's email address and username? We'll see what we can suggest /NJ || Hi Max! We've sent a DM your way. Let's carry on chatting there /RK || Hey there! Help's here. Can you DM us your account's email address or username? We'll take a look backstage /PB,other,billing_and_refund,Hi Andrés! Could you send us a DM with your account's email address and username? We'll see what we can suggest /NJ,Sorry to hear that! Can you send us a DM with more details so we can take a closer look?,True,False
155,I'm on Android (a Pixel specifically) and when I'm casting my phone's volume keys/media controls menus don't adjust the Chromecast volume like they used to (in or out of the actual Spotify app).,feature_request,0.96,Thanks for letting us know! We hear you on the Chromecast volume controls and will pass this along to the product team. 🙏,True,Best historical match 0.18 < 0.3,weak_evidence,False,0.1772,"Got it! We can see how that’d be handy. It's definitely something for the team to consider and we'll make sure it reaches them //DF || Hey there. We can see how that’d be handy. Thanks for taking the time to reach out – your feedback's been noted 📝 /QI || Hey Nathan! That doesn't sound good. Can you let us know the device, operating system, and Spotify version you're using? /LO",other,playback_issue,Got it! We can see how that’d be handy. It's definitely something for the team to consider and we'll make sure it reaches them //DF,Sorry to hear that! Can you send us a DM with more details so we can take a closer look?,True,False
156,put their music on Spotify already damn please,feature_request,0.97,"Hey! To get your original tracks on Spotify, check out our guide for artists here: https://artists.spotify.com/submit. Let us know if you need any help!",False,"User is asking how to add their own music, which is a feature request handled with a standard guide.",,False,0.4663,Hey Cheryl! Can you tell us a little more about what's going on? What device and OS/versions of Spotify are you using? Let us know /TF || It’s great to hear you’re looking to put music on Spotify! You can find all the info you need at /Q || Hey there! We've just sent you a DM. Let's continue chatting there /NS,other,content_availability,Hey Cheryl! Can you tell us a little more about what's going on? What device and OS/versions of Spotify are you using? Let us know /TF,Sorry to hear that! Can you send us a DM with more details so we can take a closer look?,True,False
157,any update on when Reputation will be on Spotify?,content_availability,0.97,Hey! We don’t have a release date for the Reputation album yet. Keep an eye on our announcements for updates. Thanks for your patience! 🎶,False,"User asks about availability of specific content; can be answered with standard info, no escalation needed.",,False,0.4409,Hey! We still don't have any info on this right now. Just continue keeping an eye out for any updates /RB || Hi! We've just sent you a bit more info over DM. We'll carry on helping out there /AR || Hey there! That doesn't seem right. Could you try logging out > logging back in? Let us know how that goes 🙂 /CG,other,content_availability,Hey! We still don't have any info on this right now. Just continue keeping an eye out for any updates /RB,Sorry to hear that! Can you send us a DM with more details so we can take a closer look?,True,False
158,Benediction songs you recommend me are no from the Benediction band I like :) Hint:,content_availability,0.9,"Sorry about that! Try searching the exact band name or filter by ""Benediction"" in the artist field to get the right tracks. Let us know if you still see unrelated songs!",True,Best historical match 0.30 < 0.3,weak_evidence,False,0.2967,"We can see how that’d be useful! We’d recommend suggesting it in our Community to get support from other fans: /WW || Hey there! We can see how that’d be useful. You can vote for the official idea at /AG || Hey Alan! To jazz up your day, check this playlist out: 🎶 /AY",other,other,We can see how that’d be useful! We’d recommend suggesting it in our Community to get support from other fans: /WW,Sorry to hear that! Can you send us a DM with more details so we can take a closer look?,True,False
159,"Despite logging out of everywhere and changing my password, someone is STILL using my account and saving their own playlists?!",account_access,0.97,We’re sorry you’re still seeing activity on your account. Please DM us your email so we can investigate and secure it for you.,True,"Intent 'account_access' requires a human (account, money, or policy); Account security issue requires a human to verify and protect the account.",intent_not_auto_handleable,True,0.4385,"Hey! We’re sorry to hear that. Check out for what to do next /NQ || Hey there! There's currently a 10k limit in Your Music (Songs + Albums + Artists). More info here: /PB || Hi Victor, that doesn't sound good. We'd recommend having him get in touch with us so we can take a look at his account from our end /JO",other,account_access,Hey! We’re sorry to hear that. Check out for what to do next /NQ,Sorry to hear that! Can you send us a DM with more details so we can take a closer look?,True,False
